ico_name,ticker,platform,token,country,hardcap,softcap,raised,bounty_status,activy_status,twitter_status,bitcointalk_status,telegram_status,social_rating,profile_rating,team_rating_ib,team_rating_im,product_rating,vision_rating,icobench_rating,icomarks_rating,icobazaar_rating,aggregate_rating,ih_end_date

Brixby,BRICK,Ethereum,110,966,480 BRICK,N/A,N/A,N/A,N/A,N/A,N/A,N/A,LOW,-,-,-,VERY LOW,3,Benchy,3.0,10,3.0,3.0,2.8,5.5,3.1,2.8,2018-03-31
Kleos,KLS,Ethereum,ERC20,Italy,30000 ETH,3000 ETH,Unknown,N/A,N/A,N/A,-,VERY LOW,VERY LOW,-,-,7,Benchy,3.0,9,2.0,3.0,3.4,7.0,2.9,3.4,2018-02-26
AAA COIN,AAA,Ethereum,ERC20,UK,N/A,N/A,N/A,N/A,N/A,N/A,HIGH,MEDIUM,MEDIUM,-,-,5,N/A,N/A,10,N/A,N/A,-,-,-,N/A,2018-01-09
Trend Token ICO,TND,N/A,N/A,N/A,N/A,N/A,N/A,3000000000,50000000,N/A,LOW,-,-,-,-,N/A,N/A,N/A,N/A,N/A,N/A,2.8,5.8,3.0,N/A,2018-03-15
Cryptofitnessclub,GYM,Ethereum,ERC20,N/A,12000 ETH,600 ETH,Unknown,N/A,N/A,N/A,-,VERY LOW,VERY LOW,-,-,1,Benchy,N/A,1,N/A,N/A,1.8,3.3,-,1.8,2018-06-11
HighSeek,HISK,Waves,Waves,Russia,10000000 USD,6000000 USD,Unknown,N/A,N/A,N/A,-,-,-,-,-,3,Benchy,N/A,5,N/A,N/A,2.8,5.3,-,2.8,2018-05-30
Digitcoin ICO,DIGIT,N/A,N/A,N/A,N/A,N/A,N/A,N/A,N/A,N/A,-,VERY LOW,VERY LOW,-,-,N/A,N/A,N/A,N/A,N/A,N/A,2.9,6.5,3.2,N/A,2018-02-14
Cryptofitnessclub,GYM,Ethereum,ERC20,N/A,12000 ETH,600 ETH,Unknown,N/A,N/A,N/A,-,VERY LOW,VERY LOW,-,-,1,Benchy,N/A,1,N/A,N/A,1.8,3.3,-,1.8,2018-06-11
HighSeek,HISK,Waves,Waves,Russia,10000000 USD,6000000 USD,Unknown,N/A,N/A,N/A,-,-,-,-,-,3,Benchy,N/A,5,N/A,N/A,2.8,5.3,-,2.8,2018-05-30
Bitxoxo,XOXO,Ethereum,ERC20,India & Australia,27500000 USD,5000000 USD,20000000 USD,N/A,N/A,100%,-,-,-,-,-,10,Benchy,3.0,4,2.0,2.0,-,-,-,3.1,2018-05-31
Rilcoin,RTK,N/A,N/A,USA,N/A,N/A,Unknown,N/A,3500000000,N/A,-,VERY LOW,VERY LOW,-,-,8,Benchy,N/A,8,N/A,N/A,2.6,6.8,2.3,2.6,2018-01-12
Cointed,CTD,Ethereum,650,000,000 CTD (100%),China,N/A,N/A,3559620330900000000 ETH,N/A,N/A,100%,MEDIUM,-,-,-,-,7,Benchy,3.7,6.2,3.7,3.7,2.8,6.4,4.1,2.8,2018-02-28
KredX ICO,KRT,N/A,N/A,N/A,N/A,N/A,N/A,N/A,1000000000,N/A,-,VERY LOW,VERY LOW,-,-,N/A,N/A,N/A,N/A,N/A,N/A,3.0,5.8,3.2,N/A,2018-01-04
Pulsar Venture Capital ICO,PULSAR,N/A,N/A,N/A,N/A,N/A,N/A,5000000000,3000000000,52%,HIGH,LOW,LOW,-,-,N/A,N/A,N/A,N/A,N/A,N/A,2.3,5.5,3.2,N/A,2018-05-13
Crypto Trust Network,CTN,N/A,N/A,N/A,10,500,000,500,000,Unknown,1050000000,50000,N/A,VERY LOW,-,-,-,-,N/A,Benchy,3.0,N/A,3.5,4.5,2.7,4.2,3.3,2.7,2018-02-22
Elysium,,N/A,N/A,N/A,N/A,N/A,N/A,N/A,N/A,N/A,-,-,-,-,-,N/A,N/A,N/A,N/A,N/A,N/A,N/A,N/A,-,N/A,2018-04-28
CoinCrowd,XCC,Ethereum,ERC20,Italy,4,900,000 EUR,N/A,N/A,N/A,N/A,N/A,VERY HIGH,-,-,-,VERY LOW,8,Benchy,3.7,10,3.7,3.7,2.9,7.7,2.8,2.9,2018-02-07
Hearthy,,Ethereum,109,923,077 HER,Gibraltar,60000 ETH,N/A,Unknown,N/A,N/A,N/A,VERY HIGH,LOW,LOW,-,-,5,Benchy,3.0,10,2.8,3.3,2.7,6.5,3.0,2.7,2018-02-25
REVV COIN ICO,,N/A,N/A,N/A,N/A,N/A,N/A,N/A,N/A,N/A,-,VERY LOW,VERY LOW,-,-,N/A,N/A,N/A,N/A,N/A,N/A,2.6,3.2,2.4,N/A,2018-01-22
Keen,KNT,N/A,N/A,N/A,N/A,N/A,N/A,315000000,130000000,N/A,VERY LOW,VERY LOW,VERY LOW,-,-,N/A,N/A,N/A,N/A,N/A,N/A,2.8,N/A,-,N/A,2018-12-31
SOLOBOT,,N/A,N/A,N/A,N/A,N/A,N/A,N/A,N/A,N/A,-,-,-,-,-,N/A,N/A,N/A,N/A,N/A,N/A,N/A,N/A,-,N/A,2018-05-15
LIFT Token ICO,LIFT,N/A,N/A,N/A,N/A,N/A,N/A,N/A,N/A,N/A,-,-,-,-,-,N/A,N/A,N/A,N/A,N/A,N/A,2.6,6.2,-,N/A,2018-07-15
Retail.Global,RGT,N/A,N/A,N/A,N/A,N/A,Unknown,200000000,100000000,56%,-,MEDIUM,MEDIUM,-,-,N/A,Benchy,2.3,N/A,2.1,2.8,2.3,8.6,-,2.3,2018-08-31
EOZ,,Scrypt,Hybrid (PoW+PoS),N/A,N/A,N/A,N/A,N/A,N/A,N/A,VERY HIGH,LOW,LOW,-,-,6,N/A,N/A,1,N/A,N/A,N/A,4.6,-,N/A,2018-03-19
Sorbase,SOR,Ethereum,ERC20,N/A,105000 ETH,4000 ETH,19438940 USD,N/A,10500000,N/A,-,VERY LOW,VERY LOW,-,-,2,Benchy,N/A,10,N/A,N/A,2.8,5.1,-,2.8,2018-01-06
Edgecoin Pre ICO,EST,N/A,N/A,N/A,N/A,N/A,N/A,800000,100000,N/A,MEDIUM,LOW,LOW,-,-,N/A,N/A,N/A,N/A,N/A,N/A,-,-,-,N/A,2018-04-01
Totum,TMC,Ethereum,ERC20,Russia,N/A,N/A,Unknown,4950000,330000,N/A,VERY HIGH,-,-,-,-,1,Benchy,2.5,9,3.5,4.0,2.9,5.1,-,2.9,2018-01-31
FreelancerCoin,LAN,N/A,N/A,N/A,N/A,N/A,N/A,N/A,N/A,N/A,VERY HIGH,LOW,LOW,-,-,N/A,N/A,N/A,N/A,N/A,N/A,-,-,-,N/A,2018-02-28
Pitch ICO,PITCH,N/A,N/A,N/A,N/A,N/A,N/A,N/A,N/A,N/A,VERY HIGH,MEDIUM,MEDIUM,-,-,N/A,N/A,N/A,N/A,N/A,N/A,-,-,-,N/A,2018-07-01
Substratum,SUB,N/A,N/A,N/A,N/A,N/A,N/A,N/A,N/A,100%,-,VERY HIGH,VERY HIGH,-,-,N/A,N/A,N/A,N/A,N/A,N/A,-,-,-,N/A,2018-01-14
ClassyCoin,CLASSYCOIN,Ethereum,ERC20,Australia,100,000,000,20,000,000,Unknown,N/A,N/A,N/A,-,VERY HIGH,VERY HIGH,-,-,10,Benchy,N/A,1,N/A,N/A,-,-,-,2.0,2018-06-10
Fortitude Ranch,FR,N/A,N/A,N/A,15000000 USD,2000000 USD,250000 USD,1500000000,200000000,N/A,-,-,-,-,-,N/A,Benchy,4.0,N/A,4.0,4.0,2.9,6.2,3.3,2.9,2018-01-30
Lucid Exchange,TRDX,N/A,N/A,N/A,N/A,N/A,N/A,N/A,N/A,N/A,-,VERY LOW,VERY LOW,-,-,N/A,N/A,N/A,N/A,N/A,N/A,3.0,7.1,3.2,N/A,2018-08-01
Bitplus Network,BPNT,N/A,N/A,N/A,N/A,N/A,Unknown,N/A,N/A,N/A,-,-,-,-,-,N/A,Benchy,3.0,N/A,3.0,3.0,2.8,6.5,3.0,2.8,2018-01-02
KWHCoin,KWH,N/A,N/A,N/A,N/A,N/A,366859178500000000 ETH,N/A,N/A,N/A,VERY HIGH,HIGH,HIGH,-,-,N/A,Benchy,N/A,N/A,N/A,N/A,-,-,-,2.4,2018-03-15
Honeybee Token,HNBEE,N/A,N/A,N/A,N/A,N/A,N/A,N/A,50000,12%,-,VERY LOW,VERY LOW,-,-,N/A,N/A,N/A,N/A,N/A,N/A,2.7,4.8,-,N/A,2018-07-01
Arcee Coin,ARCEE,N/A,N/A,N/A,N/A,N/A,N/A,N/A,N/A,N/A,-,-,-,-,-,N/A,N/A,N/A,N/A,N/A,N/A,-,-,-,N/A,2018-03-31
Bioritmai,RITM,Ethereum,ERC20,Belarus,N/A,N/A,Unknown,12127308500,6000000000,N/A,VERY HIGH,VERY LOW,VERY LOW,-,-,1,Benchy,3.0,1,2.0,2.0,-,-,-,2.8,2018-06-16
Volans ICO,,N/A,N/A,N/A,N/A,N/A,N/A,N/A,N/A,N/A,MEDIUM,LOW,LOW,-,VERY LOW,N/A,N/A,N/A,N/A,N/A,N/A,2.7,7.9,3.1,N/A,2018-04-05
Wizzle Infinity,WZI,N/A,N/A,N/A,30,000,000 EUR,N/A,921179 USD,N/A,N/A,N/A,VERY LOW,LOW,LOW,-,LOW,N/A,Benchy,N/A,N/A,N/A,N/A,2.8,8.6,3.7,2.8,2018-03-31
STARAMBA,STT,Ethereum,ERC20,Germany,1,200,000,000,N/A,217949582179495800 USD,N/A,N/A,100%,-,VERY LOW,VERY LOW,-,-,10,Benchy,1.8,10,1.8,2.3,-,-,-,2.3,2018-09-30
Bitdollar ICO,,N/A,N/A,N/A,N/A,N/A,N/A,N/A,N/A,N/A,-,VERY LOW,VERY LOW,-,MEDIUM,N/A,N/A,N/A,N/A,N/A,N/A,3.8,8.1,-,N/A,2018-10-03
KROPS,KRO,Ethereum,ERC20,Hong Kong,N/A,N/A,Unknown,N/A,N/A,N/A,-,-,-,-,-,9,Benchy,N/A,1,N/A,N/A,2.7,5.6,2.9,2.7,2018-04-30
Globetrotter Ecosystem,GTT,N/A,N/A,N/A,N/A,N/A,N/A,N/A,N/A,N/A,VERY LOW,VERY LOW,VERY LOW,-,-,N/A,N/A,N/A,N/A,N/A,N/A,2.7,6.2,2.9,N/A,2018-02-28
VOXXO ICO,VOXXO,N/A,N/A,N/A,N/A,N/A,N/A,N/A,N/A,100%,LOW,-,-,-,-,N/A,N/A,N/A,N/A,N/A,N/A,2.8,7.2,3.3,N/A,2018-03-05
Yurix,,N/A,N/A,N/A,N/A,N/A,N/A,N/A,N/A,N/A,-,VERY LOW,VERY LOW,-,-,N/A,N/A,N/A,N/A,N/A,N/A,N/A,N/A,-,N/A,2018-04-03
CROWDSHARE MINING,CSM,N/A,N/A,N/A,N/A,N/A,N/A,N/A,N/A,100%,-,LOW,LOW,-,-,N/A,N/A,N/A,N/A,N/A,N/A,2.7,5.1,-,N/A,2018-09-01
Moneda,,Ethereum,ERC20,Austria,250,000,000,10,000,000,Unknown,N/A,N/A,N/A,-,-,-,-,LOW,9,Benchy,3.0,5,3.0,3.0,3.0,7.8,-,3.0,2018-07-15
KROPS,KRO,Ethereum,ERC20,Hong Kong,N/A,N/A,Unknown,N/A,N/A,N/A,-,-,-,-,-,9,Benchy,N/A,1,N/A,N/A,2.7,5.6,2.9,2.7,2018-04-30
CrowdDrive,,Ethereum,13,300,000 CAR (70%),Switzerland,N/A,1500 ETH,Unknown,N/A,N/A,100%,-,-,-,-,-,3,Benchy,N/A,10,N/A,N/A,2.3,5.7,2.0,2.3,2018-01-10
CrediSco ICO,,N/A,N/A,N/A,N/A,N/A,N/A,N/A,N/A,N/A,-,-,-,-,-,N/A,N/A,N/A,N/A,N/A,N/A,N/A,N/A,-,N/A,2018-01-08
XnodeFund,,N/A,N/A,N/A,N/A,N/A,N/A,N/A,N/A,N/A,-,VERY LOW,VERY LOW,-,-,N/A,N/A,N/A,N/A,N/A,N/A,N/A,N/A,-,N/A,2018-05-01
Vikky,VIK,Ethereum,ERC20,Australia,26600 ETH,5000 ETH,147000 USD,1200000000,300000000,N/A,-,MEDIUM,MEDIUM,-,LOW,8,Benchy,1.4,10,1.2,1.2,-,-,-,2.3,2018-07-31
VARcrypt,VAR,Bitcoin,11,000,000 VAR (26.19%),British Virgin Islands,34000000 USD,2000000 USD,Unknown,4200000000,4200000000,N/A,MEDIUM,LOW,LOW,-,-,5,Benchy,2.8,1,2.8,3.2,3.1,4.4,3.5,3.1,2018-01-14
MOBILINK-COIN,,N/A,N/A,N/A,N/A,N/A,N/A,550000000,19800000000,2%,-,MEDIUM,MEDIUM,-,-,N/A,N/A,N/A,N/A,N/A,N/A,-,-,-,N/A,2018-05-05
Reference Line Coin,RECO,N/A,N/A,N/A,N/A,N/A,N/A,N/A,90000000,N/A,-,-,-,-,-,N/A,N/A,N/A,N/A,N/A,N/A,-,-,-,N/A,2018-03-28
Greenenergy,GNRG,N/A,N/A,N/A,N/A,N/A,N/A,N/A,2750000,100%,-,-,-,-,-,N/A,N/A,N/A,N/A,N/A,N/A,N/A,N/A,-,N/A,2018-09-15
Vionex ICO,VIOX,N/A,N/A,N/A,N/A,N/A,N/A,1000000000,400104000,40%,MEDIUM,-,-,-,-,N/A,N/A,N/A,N/A,N/A,N/A,2.0,4.9,2.3,N/A,2018-02-28
Save Token,SAVE,N/A,N/A,N/A,350,000,000,N/A,6987000 USD,N/A,N/A,N/A,-,-,-,-,-,N/A,Benchy,N/A,N/A,N/A,N/A,-,-,-,2.9,2018-05-25
Sol Invictus ICO,,N/A,N/A,N/A,N/A,N/A,N/A,N/A,N/A,N/A,-,-,-,-,-,N/A,N/A,N/A,N/A,N/A,N/A,N/A,N/A,-,N/A,2018-03-30
Smart City Enterprise,SMART CITY,N/A,N/A,N/A,N/A,N/A,N/A,N/A,N/A,N/A,-,VERY LOW,VERY LOW,-,-,N/A,N/A,N/A,N/A,N/A,N/A,2.0,7.3,2.2,N/A,2018-09-02
Vionex ICO,VIOX,N/A,N/A,N/A,N/A,N/A,N/A,1000000000,400104000,40%,MEDIUM,-,-,-,-,N/A,N/A,N/A,N/A,N/A,N/A,2.0,4.9,2.3,N/A,2018-02-28
Save Token,SAVE,N/A,N/A,N/A,350,000,000,N/A,6987000 USD,N/A,N/A,N/A,-,-,-,-,-,N/A,Benchy,N/A,N/A,N/A,N/A,-,-,-,2.9,2018-05-25
Smart City Enterprise,SMART CITY,N/A,N/A,N/A,N/A,N/A,N/A,N/A,N/A,N/A,-,VERY LOW,VERY LOW,-,-,N/A,N/A,N/A,N/A,N/A,N/A,2.0,7.3,2.2,N/A,2018-09-02
BitAcross (BCS),,N/A,N/A,N/A,N/A,N/A,N/A,N/A,N/A,N/A,-,VERY LOW,VERY LOW,-,-,N/A,N/A,N/A,N/A,N/A,N/A,N/A,N/A,-,N/A,2018-05-22
Duber,DBR,Ethereum,66 DBR,USA,N/A,N/A,N/A,N/A,N/A,N/A,VERY LOW,-,-,-,-,1,N/A,N/A,4,N/A,N/A,2.9,3.8,-,N/A,2018-01-19
Real Property Token,RPT,N/A,N/A,N/A,100,000,000,5,000,000,800000 USD,N/A,50000000,3%,VERY HIGH,MEDIUM,MEDIUM,-,-,N/A,Benchy,3.0,N/A,3.0,4.0,2.7,6.6,3.0,2.7,2018-01-10
Game Gold,GGT,N/A,N/A,N/A,35000000 USD,2500000 USD,N/A,N/A,N/A,N/A,-,-,-,-,-,N/A,Benchy,5.0,N/A,5.0,5.0,2.5,4.8,-,2.5,2018-07-01
ZEUS,,Ethereum,ERC20,Ukraine,N/A,N/A,Unknown,N/A,16509300,N/A,VERY HIGH,-,-,-,-,7,Benchy,3.0,10,3.0,4.0,2.8,7.4,3.6,2.8,2018-01-25
FEEDCHAIN,FEED,Ethereum,ERC20,Switzerland,29400 ETH,840 ETH,Unknown,N/A,N/A,N/A,MEDIUM,MEDIUM,MEDIUM,-,VERY LOW,9,Benchy,N/A,10,N/A,N/A,2.6,8.8,-,2.6,2018-08-31
CODSET ICO,,N/A,N/A,N/A,N/A,N/A,N/A,N/A,N/A,N/A,-,-,-,-,-,N/A,N/A,N/A,N/A,N/A,N/A,2.8,2.8,-,N/A,2018-06-20
Rhovit,RBIT,N/A,N/A,N/A,N/A,N/A,N/A,N/A,N/A,N/A,VERY HIGH,VERY HIGH,VERY HIGH,-,-,N/A,N/A,N/A,N/A,N/A,N/A,2.5,7.7,2.8,N/A,Nov, 2018
BBiller,,N/A,N/A,Australia,220000000 USD,5000000 USD,Unknown,N/A,N/A,N/A,-,VERY LOW,VERY LOW,-,-,1,Benchy,2.5,10,3.2,3.3,2.5,3.7,1.8,2.5,2018-12-31
ResumeChain,,N/A,N/A,N/A,N/A,N/A,N/A,N/A,N/A,N/A,-,-,-,-,-,N/A,N/A,N/A,N/A,N/A,N/A,N/A,N/A,-,N/A,2018-05-09
RAZOOM ICO,RZM,N/A,N/A,N/A,N/A,N/A,N/A,N/A,N/A,N/A,-,VERY LOW,VERY LOW,-,-,N/A,N/A,N/A,N/A,N/A,N/A,2.4,4.9,-,N/A,2018-02-28
Ziggurat Token,,N/A,N/A,N/A,53000000 USD,N/A,10000000 USD,N/A,N/A,N/A,VERY HIGH,-,-,-,-,N/A,Benchy,3.0,N/A,3.0,3.0,-,-,-,2.8,2018-04-19
Rentything,RTC,Ethereum,ERC20,Hong Kong,3500 ETH,350 ETH,N/A,N/A,N/A,N/A,VERY LOW,LOW,LOW,-,-,6,Benchy,3.0,1,2.0,2.0,2.6,5.2,3.2,2.6,2018-03-28
PriorityEx (PreICO),PYX,N/A,N/A,N/A,N/A,N/A,N/A,N/A,N/A,N/A,VERY HIGH,LOW,LOW,-,VERY LOW,N/A,N/A,N/A,N/A,N/A,N/A,-,-,-,N/A,2018-03-31
FIC,FIC,N/A,N/A,N/A,125000000 USD,35000000 USD,1224803 USD,N/A,N/A,N/A,-,-,-,-,-,N/A,Benchy,N/A,N/A,N/A,N/A,3.0,8.4,2.7,3.0,2018-04-09
Crystium,CRY,N/A,N/A,N/A,N/A,N/A,N/A,N/A,N/A,N/A,-,-,-,-,-,N/A,N/A,N/A,N/A,N/A,N/A,N/A,N/A,-,N/A,2018-07-04
Exodius,EXO,Waves,Waves,French Polynesia,5325000 USD,N/A,Unknown,N/A,N/A,N/A,-,LOW,LOW,VERY LOW,VERY LOW,6,Benchy,N/A,10,N/A,N/A,2.7,7.2,-,2.7,2018-11-17
FIC,FIC,N/A,N/A,N/A,125000000 USD,35000000 USD,1224803 USD,N/A,N/A,N/A,-,-,-,-,-,N/A,Benchy,N/A,N/A,N/A,N/A,3.0,8.4,2.7,3.0,2018-04-09
Bronix ICO,BRNX,N/A,N/A,N/A,30000000 USD,5000000 USD,Unknown,N/A,N/A,N/A,MEDIUM,-,-,-,-,N/A,Benchy,2.2,N/A,2.2,1.6,2.7,5.9,2.7,2.7,2018-08-26
Crystium,CRY,N/A,N/A,N/A,N/A,N/A,N/A,N/A,N/A,N/A,-,-,-,-,-,N/A,N/A,N/A,N/A,N/A,N/A,N/A,N/A,-,N/A,2018-07-04
Multigames,MULT,N/A,N/A,N/A,N/A,N/A,N/A,N/A,2100000,37%,-,-,-,-,-,N/A,N/A,N/A,N/A,N/A,N/A,N/A,4.8,2.8,N/A,2018-03-28
Data Trading,DTT,N/A,N/A,N/A,26000000 USD,5000000 USD,579360419905500000470657300000 ETH,1250000000,500000000,52%,MEDIUM,VERY LOW,VERY LOW,-,-,N/A,Benchy,N/A,N/A,N/A,N/A,2.7,6.7,1.6,2.7,2018-02-22
Olife,,N/A,N/A,N/A,172500000 USD,20000000 USD,20000000 USD,17550000000,2000000000,11%,-,MEDIUM,MEDIUM,-,LOW,N/A,Benchy,N/A,N/A,N/A,N/A,2.6,6.1,-,2.6,2018-11-04
Monarch Token,MT/MTS,N/A,N/A,N/A,N/A,N/A,N/A,N/A,N/A,N/A,-,VERY LOW,VERY LOW,-,MEDIUM,N/A,N/A,N/A,N/A,N/A,N/A,-,-,-,N/A,2018-09-15
ICOStart ICO,ICH,N/A,N/A,N/A,N/A,N/A,N/A,100000000,20000000,28%,LOW,VERY LOW,VERY LOW,-,-,N/A,N/A,N/A,N/A,N/A,N/A,2.8,8.4,-,N/A,2018-08-23
YuTu.Coin,YTC,N/A,N/A,N/A,N/A,N/A,N/A,N/A,N/A,N/A,-,LOW,LOW,VERY HIGH,VERY LOW,N/A,N/A,N/A,N/A,N/A,N/A,2.3,6.7,-,N/A,2018-10-07
ICOStart ICO,ICH,N/A,N/A,N/A,N/A,N/A,N/A,100000000,20000000,28%,LOW,VERY LOW,VERY LOW,-,-,N/A,N/A,N/A,N/A,N/A,N/A,2.8,8.4,-,N/A,2018-08-23
DCentral Capital,JST1,N/A,N/A,N/A,96250 ETH,62500 ETH,Unknown,7700000000,7700000000,N/A,-,VERY LOW,VERY LOW,-,-,N/A,Benchy,N/A,N/A,N/A,N/A,2.7,5.5,-,2.7,2018-11-12
Hush,USH,Ethereum,ERC20,Luxembourg,1,000,000 EUR,N/A,Unknown,N/A,N/A,N/A,VERY LOW,-,-,-,-,8,Benchy,1.4,9,1.2,2.0,2.7,7.4,2.3,2.3,2018-05-22
LikenCo,LNC,N/A,N/A,N/A,N/A,N/A,N/A,N/A,N/A,N/A,-,VERY LOW,VERY LOW,-,-,N/A,N/A,N/A,N/A,N/A,N/A,N/A,N/A,-,N/A,2018-07-01
Brick ICO,BRK,N/A,N/A,N/A,N/A,N/A,N/A,N/A,N/A,N/A,-,-,-,VERY LOW,VERY LOW,N/A,N/A,N/A,N/A,N/A,N/A,2.7,7.6,-,N/A,Dec, 2018
Brick ICO,BRK,N/A,N/A,N/A,N/A,N/A,N/A,N/A,N/A,N/A,-,-,-,VERY LOW,VERY LOW,N/A,N/A,N/A,N/A,N/A,N/A,2.7,7.6,-,N/A,Dec, 2018
Golden Fleece ICO,GFL,N/A,N/A,N/A,N/A,N/A,N/A,N/A,N/A,100%,-,VERY LOW,VERY LOW,-,-,N/A,N/A,N/A,N/A,N/A,N/A,2.3,7.2,3.1,N/A,2018-03-31
Blockchain E-mail Token (PreICO),BMLT,N/A,N/A,N/A,N/A,N/A,N/A,100000000,1700000000,N/A,LOW,VERY LOW,VERY LOW,-,-,N/A,N/A,N/A,N/A,N/A,N/A,2.3,3.8,-,N/A,2018-01-26
LemoChain ICO,LEMO,N/A,N/A,N/A,N/A,N/A,N/A,N/A,N/A,100%,VERY LOW,MEDIUM,MEDIUM,-,LOW,N/A,N/A,N/A,N/A,N/A,N/A,-,-,-,N/A,2018-03-31
TREEEC MONEY,,N/A,N/A,N/A,N/A,10000000 USD,20950828 USD,N/A,120000000000,0%,-,LOW,LOW,-,-,N/A,Benchy,N/A,N/A,N/A,N/A,2.2,5.1,-,2.2,2018-07-15
ClickGem,CGM,Scrypt,6,000,000 CGM (20%),Belize,N/A,N/A,12240000 USD,N/A,N/A,N/A,-,-,-,-,-,8,Benchy,1.0,1,1.3,1.3,1.3,4.9,2.1,1.3,2018-03-12
TREEEC MONEY,,N/A,N/A,N/A,N/A,10000000 USD,20950828 USD,N/A,120000000000,0%,-,LOW,LOW,-,-,N/A,Benchy,N/A,N/A,N/A,N/A,2.2,5.1,-,2.2,2018-07-15
ClearCoin,XCLR,N/A,N/A,N/A,N/A,N/A,N/A,N/A,N/A,100%,VERY LOW,HIGH,HIGH,-,VERY LOW,N/A,N/A,N/A,N/A,N/A,N/A,-,-,-,N/A,2018-03-31
HELIXHILL,HILL,Ethereum,ERC20,Estonia,N/A,N/A,N/A,N/A,N/A,N/A,VERY HIGH,VERY LOW,VERY LOW,-,-,6,N/A,N/A,9,N/A,N/A,2.3,7.9,-,N/A,2018-11-30
ParkApp Pay,PRK,N/A,N/A,N/A,N/A,N/A,N/A,N/A,N/A,N/A,-,-,-,-,-,N/A,N/A,N/A,N/A,N/A,N/A,2.8,5.1,3.4,N/A,2018-10-15
MB8 Coin,MB8,N/A,N/A,N/A,N/A,N/A,N/A,N/A,N/A,N/A,-,-,-,-,-,N/A,N/A,N/A,N/A,N/A,N/A,-,-,-,N/A,2018-08-31
DapCash ICO,DAPG,N/A,N/A,N/A,N/A,N/A,N/A,N/A,N/A,N/A,VERY LOW,VERY LOW,VERY LOW,-,VERY LOW,N/A,N/A,N/A,N/A,N/A,N/A,2.7,6.9,2.7,N/A,2018-12-28
dueltoken.io,DUEL,N/A,N/A,N/A,300,000,000,2000 ETH,Unknown,N/A,N/A,N/A,-,VERY LOW,VERY LOW,-,-,N/A,Benchy,N/A,N/A,N/A,N/A,2.0,3.2,-,2.0,2018-04-25
UNET,UNET,N/A,N/A,N/A,N/A,N/A,N/A,N/A,N/A,N/A,-,VERY LOW,VERY LOW,-,-,N/A,N/A,N/A,N/A,N/A,N/A,2.7,8.1,-,N/A,2018-07-15
Ready Play Go,RPG,N/A,N/A,N/A,38888889 USD,6666667 USD,N/A,N/A,N/A,N/A,-,VERY LOW,VERY LOW,-,VERY LOW,N/A,Benchy,N/A,N/A,N/A,N/A,2.6,5.9,-,2.6,2018-10-15
MONEY TREE,,N/A,N/A,N/A,N/A,N/A,N/A,N/A,N/A,N/A,-,VERY LOW,VERY LOW,-,-,N/A,N/A,N/A,N/A,N/A,N/A,N/A,N/A,-,N/A,2018-05-01
FinTech Coin,,N/A,N/A,N/A,N/A,N/A,Unknown,1000000000,500000000,N/A,-,VERY LOW,VERY LOW,-,-,N/A,Benchy,N/A,N/A,N/A,N/A,2.6,5.1,-,2.6,2018-01-31
Bondkick Syndicate,XBK,N/A,N/A,N/A,N/A,N/A,Unknown,N/A,N/A,N/A,-,LOW,LOW,-,-,N/A,Benchy,N/A,N/A,N/A,N/A,2.7,6.5,2.3,2.7,2018-01-31
Capdax,XCD,N/A,N/A,N/A,18000000 USD,N/A,10926694 USD,N/A,N/A,N/A,VERY HIGH,HIGH,HIGH,-,VERY LOW,N/A,Benchy,N/A,N/A,N/A,N/A,-,-,-,2.1,2018-03-17
Bitdouble,,Bitcoin,32,300,000 BDBL (85%),Georgia,N/A,N/A,Unknown,N/A,N/A,N/A,-,VERY LOW,VERY LOW,VERY LOW,-,4,Benchy,N/A,1,N/A,N/A,2.4,4.2,-,2.4,Sep, 2018
Linkeye ICO,LET,N/A,N/A,N/A,N/A,N/A,N/A,N/A,N/A,N/A,VERY HIGH,HIGH,HIGH,-,LOW,N/A,N/A,N/A,N/A,N/A,N/A,-,-,-,N/A,2018-01-31
Creditcoin ICO,,N/A,N/A,N/A,N/A,N/A,N/A,N/A,N/A,N/A,VERY LOW,MEDIUM,MEDIUM,-,-,N/A,N/A,N/A,N/A,N/A,N/A,N/A,N/A,-,N/A,2018-04-15
The Veris Foundation,,N/A,N/A,N/A,363,000 NEO,28,000 NEO,Unknown,N/A,2800000,N/A,-,VERY LOW,VERY LOW,-,-,N/A,Benchy,N/A,N/A,N/A,N/A,2.6,3.7,2.9,2.6,2018-03-25
Coal Industry Coin,,N/A,N/A,N/A,N/A,N/A,37213381 USD,N/A,N/A,100%,-,VERY LOW,VERY LOW,-,-,N/A,Benchy,N/A,N/A,N/A,N/A,3.7,5.4,-,3.7,2018-06-24
BandZ,BNZ,N/A,N/A,N/A,N/A,N/A,N/A,N/A,N/A,N/A,VERY LOW,-,-,VERY LOW,-,N/A,N/A,N/A,N/A,N/A,N/A,2.7,7.6,-,N/A,2018-09-30
BIG Foundation,BIG,N/A,N/A,N/A,50000 ETH,1000 ETH,Unknown,N/A,N/A,N/A,-,-,-,-,VERY LOW,N/A,Benchy,3.0,N/A,2.0,3.0,2.3,5.1,2.4,2.3,2018-11-01
BlueGold,BG,Ethereum,ERC20,Malte,3000000 USD,50000 USD,Unknown,N/A,N/A,N/A,-,-,-,VERY LOW,-,3,Benchy,N/A,8,N/A,N/A,2.6,5.9,-,2.6,2018-12-31
CBDoken,CBD,Ethereum,ERC20,Austria,10,000,000 EUR,N/A,N/A,N/A,N/A,N/A,-,VERY LOW,VERY LOW,-,VERY LOW,5,Benchy,2.7,9,1.0,2.3,2.5,6.5,-,2.5,2018-11-30
Craftmelon,с,N/A,N/A,N/A,N/A,N/A,N/A,400000000,300000000,N/A,-,VERY LOW,VERY LOW,-,-,N/A,N/A,N/A,N/A,N/A,N/A,N/A,N/A,-,N/A,2018-09-15
SETOKEN (SET),,N/A,N/A,N/A,N/A,N/A,N/A,N/A,N/A,N/A,VERY LOW,LOW,LOW,-,-,N/A,N/A,N/A,N/A,N/A,N/A,N/A,N/A,-,N/A,2018-06-30
SETOKEN (SET),,N/A,N/A,N/A,N/A,N/A,N/A,N/A,N/A,N/A,VERY LOW,LOW,LOW,-,-,N/A,N/A,N/A,N/A,N/A,N/A,N/A,N/A,-,N/A,2018-06-30
Tempow,TEMP,Ethereum,ERC20,Singapore,30000000 USD,1000000 USD,1250000 USD,N/A,N/A,N/A,-,VERY LOW,VERY LOW,-,-,3,Benchy,N/A,10,N/A,N/A,2.4,6.5,-,2.4,2018-10-05
TokenAI,TAI,Ethereum,ERC20,USA,55000000 USD,N/A,N/A,5500000000,4500000000,N/A,-,-,-,-,-,3,Benchy,3.0,10,3.0,4.0,2.6,6.2,2.8,2.6,2018-02-15
DCX,DCX,Ethereum,ERC20,Netherlands,80000 ETH,2000 ETH,Unknown,N/A,N/A,N/A,HIGH,-,-,-,-,8,Benchy,2.0,10,1.6,2.6,2.2,7.4,2.2,2.2,2018-01-18
Veritas Mining,VRTM,N/A,N/A,N/A,100000 ETH,3500 ETH,N/A,10000000,175000,2%,VERY HIGH,-,-,-,-,N/A,Benchy,N/A,N/A,N/A,N/A,2.1,6.8,2.4,2.1,2018-01-03
DCX,DCX,Ethereum,ERC20,Netherlands,80000 ETH,2000 ETH,Unknown,N/A,N/A,N/A,HIGH,-,-,-,-,8,Benchy,2.0,10,1.6,2.6,2.2,7.4,2.2,2.2,2018-01-18
Discoveroo ICO,DCO,N/A,N/A,N/A,N/A,N/A,N/A,1050000000,300000000,N/A,VERY LOW,VERY LOW,VERY LOW,-,-,N/A,N/A,N/A,N/A,N/A,N/A,2.1,4.0,2.5,N/A,2018-03-18
CodeCoin,,N/A,N/A,N/A,N/A,N/A,N/A,N/A,N/A,N/A,-,LOW,LOW,-,-,N/A,N/A,N/A,N/A,N/A,N/A,N/A,N/A,-,N/A,2018-08-15
CryptoStarter (PreICO),CST,N/A,N/A,N/A,N/A,N/A,N/A,N/A,N/A,N/A,-,VERY LOW,VERY LOW,-,-,N/A,N/A,N/A,N/A,N/A,N/A,2.6,5.3,2.7,N/A,2018-05-09
MOOVER,MOVE,N/A,N/A,India,50000000 USD,5000000 USD,50918694 USD,N/A,N/A,N/A,-,-,-,-,-,6,Benchy,1.1,3.8,2.5,3.1,1.9,4.9,2.0,1.9,2018-04-20
Hupplat,HUP,Ethereum,ERC20,Turkey,4400 ETH,96 ETH,Unknown,N/A,N/A,N/A,VERY LOW,MEDIUM,MEDIUM,-,VERY LOW,8,Benchy,3.0,10,2.0,2.0,3.0,7.7,-,3.0,2018-10-31
8 Circuit Studios,8BT,N/A,N/A,N/A,5000000 USD,N/A,4902268590 ETH,N/A,N/A,N/A,-,LOW,LOW,-,-,N/A,Benchy,N/A,N/A,N/A,N/A,2.9,5.9,2.0,3.9,2018-10-31
Cognida,,N/A,N/A,N/A,N/A,N/A,N/A,N/A,N/A,N/A,-,-,-,-,-,N/A,N/A,N/A,N/A,N/A,N/A,2.4,2.1,-,N/A,2018-08-10
MatchDiary,MDR,Ethereum,ERC20,Cyprus,N/A,500000 USD,N/A,N/A,N/A,N/A,-,VERY LOW,VERY LOW,-,-,6,Benchy,1.8,5,2.0,2.5,2.4,6.4,-,2.6,2018-11-30
8 Circuit Studios,8BT,N/A,N/A,N/A,5000000 USD,N/A,4902268590 ETH,N/A,N/A,N/A,-,LOW,LOW,-,-,N/A,Benchy,N/A,N/A,N/A,N/A,2.9,5.9,2.0,3.9,2018-10-31
MatchDiary,MDR,Ethereum,ERC20,Cyprus,N/A,500000 USD,N/A,N/A,N/A,N/A,-,VERY LOW,VERY LOW,-,-,6,Benchy,1.8,5,2.0,2.5,2.4,6.4,-,2.6,2018-11-30
Crypto Alias,ALS,N/A,N/A,N/A,N/A,N/A,N/A,N/A,N/A,N/A,VERY LOW,VERY LOW,VERY LOW,-,-,N/A,N/A,N/A,N/A,N/A,N/A,2.8,5.1,2.9,N/A,2018-02-20
Action Coin,ACTN,N/A,N/A,N/A,N/A,N/A,Unknown,N/A,N/A,N/A,MEDIUM,VERY HIGH,VERY HIGH,-,-,N/A,Benchy,2.0,N/A,2.0,2.0,-,-,-,2.3,2018-04-01
WTO Foundation,WTO,N/A,N/A,N/A,13333333 USD,N/A,Unknown,N/A,N/A,N/A,-,-,-,-,-,N/A,Benchy,N/A,N/A,N/A,N/A,2.1,2.8,-,2.1,2018-04-30
VR Platform OKO,OKO,N/A,N/A,N/A,80000000 USD,N/A,Unknown,N/A,N/A,100%,-,LOW,LOW,-,LOW,N/A,Benchy,2.0,N/A,1.5,2.0,2.5,5.4,3.0,2.5,2018-05-01
VR Platform OKO,OKO,N/A,N/A,N/A,80000000 USD,N/A,Unknown,N/A,N/A,100%,-,LOW,LOW,-,LOW,N/A,Benchy,2.0,N/A,1.5,2.0,2.5,5.4,3.0,2.5,2018-05-01
HAB,,N/A,N/A,N/A,13000000 USD,3000000 USD,N/A,1300000000,300000000,N/A,-,-,-,-,-,N/A,Benchy,N/A,N/A,N/A,N/A,2.9,5.5,-,2.9,2018-09-28
Dopamine,DOPA,Ethereum,N/A,Israel,N/A,N/A,Unknown,N/A,N/A,N/A,-,-,-,-,VERY LOW,1,Benchy,2.7,10,2.5,3.0,2.3,3.7,2.3,2.3,2018-01-31
Hackrod,HRD,N/A,N/A,N/A,N/A,N/A,N/A,N/A,N/A,N/A,-,VERY LOW,VERY LOW,-,-,N/A,N/A,N/A,N/A,N/A,N/A,N/A,N/A,-,N/A,2018-06-30
First Crypto ETF,FCTF,N/A,N/A,N/A,65,000,000,N/A,N/A,N/A,2210000000,8%,-,-,-,-,-,N/A,Benchy,N/A,N/A,N/A,N/A,1.7,6.3,2.5,1.7,2018-03-31
CoinMarketAlert ICO,CMA,N/A,N/A,N/A,N/A,N/A,N/A,N/A,N/A,N/A,-,-,-,-,LOW,N/A,N/A,N/A,N/A,N/A,N/A,-,-,-,N/A,2018-09-30
Green List Standard,GLS,N/A,N/A,N/A,N/A,N/A,Unknown,N/A,N/A,N/A,-,-,-,-,-,N/A,Benchy,N/A,N/A,N/A,N/A,2.2,4.8,2.4,2.2,2018-01-31
Green List Standard,GLS,N/A,N/A,N/A,N/A,N/A,Unknown,N/A,N/A,N/A,-,-,-,-,-,N/A,Benchy,N/A,N/A,N/A,N/A,2.2,4.8,2.4,2.2,2018-01-31
ZOMBI COIN,,N/A,N/A,N/A,N/A,N/A,N/A,N/A,N/A,N/A,LOW,VERY LOW,VERY LOW,-,-,N/A,N/A,N/A,N/A,N/A,N/A,N/A,N/A,-,N/A,2018-04-15
CryoGen,CRYO,N/A,N/A,Russia,N/A,N/A,N/A,N/A,N/A,N/A,VERY HIGH,LOW,LOW,-,-,3,Benchy,1.0,5.8,1.0,1.0,2.5,4.4,1.8,2.5,2018-03-15
DealBox,DLBX,Ethereum,ERC20,USA,500,000,000,N/A,Unknown,N/A,N/A,N/A,-,-,-,-,-,8,Benchy,N/A,9,N/A,N/A,2.4,7.2,2.8,2.4,2018-01-19
Kala Token,KALA,N/A,N/A,N/A,N/A,N/A,7500000 USD,N/A,N/A,N/A,-,-,-,-,-,N/A,Benchy,N/A,N/A,N/A,N/A,2.0,3.1,2.4,2.0,2018-03-31
Daily Coin,,N/A,N/A,N/A,N/A,N/A,N/A,N/A,N/A,N/A,-,-,-,-,-,N/A,N/A,N/A,N/A,N/A,N/A,2.9,8.0,2.9,N/A,2018-01-30
RadioYo,RAO,N/A,N/A,N/A,N/A,N/A,N/A,1000000000,1000000000,N/A,-,VERY LOW,VERY LOW,-,-,N/A,N/A,N/A,N/A,N/A,N/A,2.6,4.0,2.3,N/A,2018-08-02
Kicking Off: War For Peace,OKF,N/A,N/A,N/A,N/A,N/A,N/A,250000000,150000000,N/A,-,VERY LOW,VERY LOW,-,VERY LOW,N/A,N/A,N/A,N/A,N/A,N/A,N/A,N/A,-,N/A,2018-02-01
Future1Coin ICO,,N/A,N/A,N/A,N/A,N/A,N/A,N/A,N/A,N/A,-,VERY LOW,VERY LOW,-,-,N/A,N/A,N/A,N/A,N/A,N/A,-,-,-,N/A,2018-06-30
Alchemint ICO,SDT,N/A,N/A,N/A,N/A,N/A,N/A,N/A,N/A,100%,-,-,-,-,LOW,N/A,Benchy,N/A,N/A,N/A,N/A,-,-,-,2.1,2018-06-17
EOS Auction,EAP,N/A,N/A,N/A,N/A,5000000 USD,N/A,N/A,500000000,N/A,-,-,-,-,-,N/A,Benchy,N/A,N/A,N/A,N/A,2.4,5.6,-,2.4,2018-10-12
EMI Foundation,,N/A,N/A,N/A,50000 ETH,N/A,N/A,N/A,N/A,N/A,-,-,-,-,LOW,N/A,Benchy,N/A,N/A,N/A,N/A,2.2,5.3,-,2.2,2018-10-03
Startima,STAT,N/A,N/A,N/A,N/A,N/A,N/A,N/A,5000000000,0%,LOW,LOW,LOW,-,-,N/A,N/A,N/A,N/A,N/A,N/A,N/A,N/A,-,N/A,2018-01-03
Startima,STAT,N/A,N/A,N/A,N/A,N/A,N/A,N/A,5000000000,0%,LOW,LOW,LOW,-,-,N/A,N/A,N/A,N/A,N/A,N/A,N/A,N/A,-,N/A,2018-01-03
ORION TOKEN,ORN,N/A,N/A,N/A,N/A,N/A,N/A,N/A,N/A,N/A,-,LOW,LOW,-,-,N/A,N/A,N/A,N/A,N/A,N/A,N/A,N/A,-,N/A,2018-05-01
OneRoot,RNT,N/A,N/A,N/A,36000 ETH,N/A,18000000 USD,N/A,N/A,N/A,-,MEDIUM,MEDIUM,-,-,N/A,Benchy,N/A,N/A,N/A,N/A,-,-,-,2.1,2018-01-04
Real Land ICO,,N/A,N/A,N/A,N/A,N/A,N/A,N/A,N/A,N/A,-,-,-,-,-,N/A,N/A,N/A,N/A,N/A,N/A,N/A,N/A,-,N/A,2018-02-05
Lescovex,LCX,Ethereum,ERC20,Spain,N/A,N/A,N/A,N/A,N/A,N/A,-,-,-,-,VERY LOW,7,Benchy,N/A,2,N/A,N/A,2.2,5.8,3.4,2.2,2018-04-19
Orch(ORC),,N/A,N/A,N/A,N/A,N/A,N/A,N/A,N/A,N/A,-,-,-,-,-,N/A,N/A,N/A,N/A,N/A,N/A,2.4,6.2,-,N/A,2018-06-26
FreeMark,,N/A,N/A,N/A,N/A,N/A,N/A,N/A,N/A,N/A,-,VERY LOW,VERY LOW,-,VERY LOW,1,Benchy,N/A,10,N/A,N/A,2.4,4.6,-,2.4,Jun, 2018
Gaming Stars CLOSED,GMST,N/A,N/A,N/A,N/A,N/A,N/A,N/A,N/A,N/A,-,-,-,-,-,N/A,N/A,N/A,N/A,N/A,N/A,2.4,6.5,-,N/A,2018-12-30
MSC,MSC,N/A,N/A,N/A,N/A,N/A,5337587 USD,N/A,N/A,100%,-,VERY LOW,VERY LOW,-,LOW,N/A,Benchy,N/A,N/A,N/A,N/A,2.0,5.3,-,2.0,2018-06-26
SilverBit ICO,,N/A,N/A,N/A,N/A,N/A,N/A,N/A,N/A,N/A,VERY LOW,VERY LOW,VERY LOW,-,VERY LOW,N/A,N/A,N/A,N/A,N/A,N/A,N/A,5.3,-,N/A,2018-04-17
Uchit ICO,UCHT,N/A,N/A,N/A,N/A,N/A,N/A,N/A,N/A,N/A,VERY HIGH,-,-,-,-,N/A,N/A,N/A,N/A,N/A,N/A,3.2,8.1,-,N/A,Jun, 2018
Frink,FRINK,N/A,N/A,USA,8,110,000,000 EUR,N/A,N/A,N/A,N/A,N/A,-,VERY LOW,VERY LOW,-,VERY LOW,1,Benchy,N/A,8,N/A,N/A,2.3,4.0,-,2.3,2018-04-30
Uchit ICO,UCHT,N/A,N/A,N/A,N/A,N/A,N/A,N/A,N/A,N/A,VERY HIGH,-,-,-,-,N/A,N/A,N/A,N/A,N/A,N/A,3.2,8.1,-,N/A,Jun, 2018
u.cash,,N/A,N/A,N/A,N/A,N/A,N/A,N/A,N/A,N/A,-,-,-,-,-,N/A,N/A,N/A,N/A,N/A,N/A,-,-,-,N/A,2018-01-06
Lightning Crypto,,N/A,N/A,N/A,N/A,N/A,N/A,N/A,N/A,N/A,-,-,-,-,-,N/A,N/A,N/A,N/A,N/A,N/A,N/A,N/A,-,N/A,2018-10-01
Xclusive Coin,,N/A,N/A,N/A,N/A,N/A,N/A,N/A,N/A,N/A,-,-,-,-,VERY LOW,N/A,N/A,N/A,N/A,N/A,N/A,N/A,N/A,-,N/A,2018-05-01
KAPEX,KPX,Ethereum,ERC20,Belarus, Russia,5000000 USD,N/A,Unknown,N/A,N/A,N/A,-,VERY LOW,VERY LOW,-,LOW,8,Benchy,N/A,10,N/A,N/A,2.3,7.6,-,2.3,2018-08-30
Waracoin (WAC),,N/A,N/A,N/A,N/A,N/A,N/A,N/A,N/A,N/A,-,-,-,-,-,N/A,N/A,N/A,N/A,N/A,N/A,N/A,N/A,-,N/A,2018-03-28
Bitcoiin 2Gen,B2G,N/A,N/A,N/A,N/A,N/A,N/A,N/A,N/A,N/A,-,MEDIUM,MEDIUM,-,-,N/A,N/A,N/A,N/A,N/A,N/A,-,-,-,N/A,2018-03-25
Deep Gold,DEEP,Ethereum,ERC20,Hong Kong,N/A,N/A,N/A,N/A,N/A,N/A,MEDIUM,VERY LOW,VERY LOW,-,VERY LOW,5,N/A,N/A,3,N/A,N/A,2.3,5.6,2.0,N/A,2018-08-31
Waracoin (WAC),,N/A,N/A,N/A,N/A,N/A,N/A,N/A,N/A,N/A,-,-,-,-,-,N/A,N/A,N/A,N/A,N/A,N/A,N/A,N/A,-,N/A,2018-03-28
Bitcoiin 2Gen,B2G,N/A,N/A,N/A,N/A,N/A,N/A,N/A,N/A,N/A,-,MEDIUM,MEDIUM,-,-,N/A,N/A,N/A,N/A,N/A,N/A,-,-,-,N/A,2018-03-25
Majato Project,MJT,N/A,N/A,N/A,60,000,000,800,000,N/A,1000000000,80000000,N/A,VERY LOW,-,-,-,VERY LOW,N/A,Benchy,2.6,N/A,2.1,4.6,2.9,6.0,3.2,2.9,2018-02-03
Blockchain Taxi ICO,BCT,N/A,N/A,N/A,N/A,N/A,N/A,N/A,N/A,N/A,-,LOW,LOW,-,-,N/A,N/A,N/A,N/A,N/A,N/A,2.6,6.9,2.5,N/A,2018-02-20
Clears,CLRS,Ethereum,ERC20,Hong Kong,50000 ETH,25000 ETH,N/A,N/A,N/A,N/A,-,MEDIUM,MEDIUM,-,LOW,7,Benchy,N/A,10,N/A,N/A,2.1,7.9,-,2.1,2018-10-26
BillPoker,,N/A,N/A,N/A,21000000 USD,N/A,N/A,N/A,7000000,0%,-,-,-,-,VERY LOW,7,Benchy,1.0,6,1.0,1.0,2.0,5.5,-,2.0,2018-02-26
BillPoker,,N/A,N/A,N/A,21000000 USD,N/A,N/A,N/A,7000000,0%,-,-,-,-,VERY LOW,7,Benchy,1.0,6,1.0,1.0,2.0,5.5,-,2.0,2018-02-26
Cointrade,CTT,Ethereum,ERC20,Spain,25,000,000,5000000 USD,N/A,N/A,N/A,N/A,-,VERY LOW,VERY LOW,-,VERY LOW,4,Benchy,N/A,10,N/A,N/A,2.2,6.3,-,2.2,Jul, 2018
SkyPay,SKYS,SCRYPT POW,SCRYPT POW,UK,25000000 USD,N/A,N/A,N/A,N/A,N/A,-,VERY LOW,VERY LOW,-,-,1,Benchy,N/A,1,N/A,N/A,2.3,3.5,-,2.3,2018-04-08
Greentoken,GTN,Ethereum,ERC20,Kazakhstan,N/A,100000 USD,Unknown,N/A,2000000000,150%,VERY HIGH,VERY LOW,VERY LOW,-,VERY HIGH,8,Benchy,2.0,10,1.0,1.0,2.6,8.1,-,2.6,Dec, 2018
EYERON FAITH,,N/A,N/A,N/A,N/A,N/A,N/A,N/A,N/A,N/A,-,VERY LOW,VERY LOW,-,-,N/A,N/A,N/A,N/A,N/A,N/A,N/A,N/A,-,N/A,2018-04-30
Forecast,FCT,N/A,N/A,N/A,50000000 USD,N/A,N/A,N/A,N/A,N/A,-,LOW,LOW,-,VERY LOW,N/A,Benchy,N/A,N/A,N/A,N/A,2.3,4.9,-,2.3,2018-04-30
AlchemyByte ICO,ALB,N/A,N/A,N/A,N/A,N/A,N/A,N/A,N/A,N/A,-,VERY LOW,VERY LOW,-,-,N/A,N/A,N/A,N/A,N/A,N/A,2.2,6.3,2.0,N/A,2018-01-15
Synexcoin (SYC),SYC,N/A,N/A,N/A,N/A,N/A,N/A,N/A,N/A,100%,-,VERY LOW,VERY LOW,-,-,N/A,N/A,N/A,N/A,N/A,N/A,2.2,7.2,3.3,N/A,2018-04-14
Cronuscoins (CRO),,N/A,N/A,N/A,N/A,N/A,N/A,N/A,N/A,N/A,-,-,-,-,-,N/A,N/A,N/A,N/A,N/A,N/A,2.2,4.0,-,N/A,2018-11-29
Synexcoin (SYC),SYC,N/A,N/A,N/A,N/A,N/A,N/A,N/A,N/A,100%,-,VERY LOW,VERY LOW,-,-,N/A,N/A,N/A,N/A,N/A,N/A,2.2,7.2,3.3,N/A,2018-04-14
Cronuscoins (CRO),,N/A,N/A,N/A,N/A,N/A,N/A,N/A,N/A,N/A,-,-,-,-,-,N/A,N/A,N/A,N/A,N/A,N/A,2.2,4.0,-,N/A,2018-11-29
Fizcal,,N/A,N/A,N/A,N/A,N/A,N/A,N/A,N/A,N/A,HIGH,LOW,LOW,-,-,N/A,N/A,N/A,N/A,N/A,N/A,2.2,4.2,-,N/A,2018-07-03
SecurityPlusCloud,,Ethereum,500,000,000 SPC (50%),Marshall Islands,250000000 USD,N/A,Unknown,N/A,25000000000,N/A,-,-,-,-,-,6,Benchy,N/A,1,N/A,N/A,2.1,5.2,1.9,2.1,2018-01-30
Canabio,CNB,Ethereum,N/A,UK,40000000 USD,4000000 USD,Unknown,N/A,N/A,N/A,-,VERY LOW,VERY LOW,-,-,2,Benchy,1.0,3,1.0,3.0,2.5,3.7,2.1,2.5,2018-12-15
FISHBANK,,N/A,N/A,N/A,N/A,N/A,N/A,N/A,N/A,N/A,-,-,-,-,-,N/A,N/A,N/A,N/A,N/A,N/A,N/A,N/A,-,N/A,2018-03-18
Arevalor,ORB,Ethereum,ERC20,USA,160,000,000,N/A,Unknown,N/A,N/A,N/A,VERY LOW,-,-,VERY LOW,-,1,Benchy,2.0,10,2.0,1.0,2.4,5.5,-,2.4,2018-10-15
Rix ICO,RIX,N/A,N/A,N/A,N/A,N/A,N/A,N/A,N/A,N/A,-,-,-,-,VERY LOW,N/A,N/A,N/A,N/A,N/A,N/A,2.3,3.5,-,N/A,2018-04-30
Arevalor,ORB,Ethereum,ERC20,USA,160,000,000,N/A,Unknown,N/A,N/A,N/A,VERY LOW,-,-,VERY LOW,-,1,Benchy,2.0,10,2.0,1.0,2.4,5.5,-,2.4,2018-10-15
Proxishares,,Ethereum,ERC20,Switzerland,N/A,N/A,N/A,1000000000,500000000,N/A,-,-,-,VERY LOW,VERY LOW,1,N/A,N/A,1,N/A,N/A,2.2,3.5,-,N/A,2018-12-15
Vega AI Solutions,VEGA,N/A,N/A,N/A,N/A,N/A,N/A,900000000,60000000,97%,VERY HIGH,LOW,LOW,-,-,N/A,N/A,N/A,N/A,N/A,N/A,N/A,N/A,1.8,N/A,2018-01-07
Yezcoin.com,YEZ,N/A,N/A,N/A,N/A,N/A,N/A,N/A,10000000000,N/A,-,-,-,-,-,N/A,N/A,N/A,N/A,N/A,N/A,2.7,7.3,-,N/A,Sep, 2018
Foleum,FOL,N/A,N/A,N/A,N/A,N/A,N/A,240000000,240000000,N/A,-,LOW,LOW,-,VERY LOW,7,N/A,N/A,4,N/A,N/A,2.4,5.5,-,N/A,2018-07-12
SiGame ICO,,N/A,N/A,N/A,N/A,N/A,N/A,N/A,N/A,N/A,VERY LOW,-,-,-,-,N/A,N/A,N/A,N/A,N/A,N/A,N/A,N/A,-,N/A,2018-04-27
LiveContracts,LTO,Waves,60,000,000 LTO (60%),Netherlands,5200000 USD,N/A,N/A,N/A,4000000000,4%,-,VERY LOW,VERY LOW,-,VERY HIGH,6,Benchy,5.0,10,5.0,5.0,2.1,6.2,2.7,3.2,Jul, 2018
Bitway,BTWN,Ethereum,ERC20,Norway,21,000,000,2,000,000,Unknown,N/A,N/A,N/A,-,VERY LOW,VERY LOW,-,-,4,Benchy,1.0,1,1.0,1.0,1.9,4.2,-,1.9,2018-08-27
ExsulCoin,XUL,Ethereum,ERC20,N/A,144000 ETH,N/A,10000000 USD,N/A,N/A,N/A,-,VERY LOW,VERY LOW,-,VERY LOW,6,Benchy,1.0,1,1.0,2.0,2.4,5.1,1.7,2.4,2018-03-14
BunnyToken,BUNNY,N/A,N/A,N/A,N/A,N/A,8488950 USD,N/A,N/A,100%,-,VERY LOW,VERY LOW,-,-,N/A,Benchy,1.9,N/A,1.5,1.9,-,-,-,2.0,2018-05-25
Bitlem Network Token,BTLM,N/A,N/A,N/A,N/A,N/A,N/A,5000000000,300000000,N/A,-,VERY LOW,VERY LOW,-,-,N/A,N/A,N/A,N/A,N/A,N/A,2.0,6.1,-,N/A,2018-06-08
Speed Mining Service,SMS,N/A,N/A,N/A,150,000,N/A,Unknown,20000000,32000000,6%,-,VERY LOW,VERY LOW,-,-,N/A,Benchy,2.0,N/A,2.0,2.0,-,-,-,2.2,2018-01-08
Loki Network,,N/A,N/A,N/A,N/A,N/A,N/A,N/A,N/A,N/A,-,-,-,-,LOW,N/A,N/A,N/A,N/A,N/A,N/A,-,-,-,N/A,Apr, 2018
Appay,APY,Ethereum,N/A,Canada,N/A,5000000 USD,Unknown,N/A,500000000,N/A,-,VERY LOW,VERY LOW,-,-,1,Benchy,N/A,7,N/A,N/A,2.1,3.6,1.8,2.1,2018-01-30
Cannovation IFO (DAB),,N/A,N/A,N/A,N/A,N/A,N/A,N/A,N/A,N/A,-,-,-,-,-,N/A,N/A,N/A,N/A,N/A,N/A,N/A,N/A,-,N/A,2018-05-31
Digital Credit ICO,DGCT,N/A,N/A,N/A,N/A,N/A,N/A,N/A,N/A,100%,-,VERY LOW,VERY LOW,-,-,N/A,N/A,N/A,N/A,N/A,N/A,2.6,4.2,-,N/A,2018-07-02
Fast Access Blockchain,FAB,N/A,N/A,N/A,N/A,N/A,N/A,N/A,N/A,N/A,-,LOW,LOW,-,-,N/A,Benchy,N/A,N/A,N/A,N/A,-,-,-,2.0,2018-02-25
Universal Brand,WAT,N/A,N/A,N/A,30,000,000,10,000,000,Unknown,N/A,N/A,N/A,-,LOW,LOW,-,-,N/A,Benchy,N/A,N/A,N/A,N/A,2.0,4.7,1.7,2.0,2018-02-14
Bionic,BNC,Ethereum,ERC20,USA,75000 ETH,20000 ETH,Unknown,N/A,600000000,N/A,MEDIUM,MEDIUM,MEDIUM,-,-,7,Benchy,1.0,1,1.0,2.0,-,-,-,2.2,2018-09-30
Merge,,Ethereum,ERC20,Estonia,9,000,000 EUR,3,000,000 EUR,N/A,N/A,N/A,N/A,-,VERY LOW,VERY LOW,-,-,6,Benchy,N/A,8,N/A,N/A,2.2,6.3,-,2.2,2018-09-30
SNOWDEN-COIN,SNOW,N/A,N/A,N/A,N/A,N/A,N/A,N/A,100,N/A,-,-,-,VERY LOW,-,N/A,N/A,N/A,N/A,N/A,N/A,4.0,3.6,-,N/A,2018-10-24
Hub Token,HUB,N/A,N/A,N/A,N/A,N/A,N/A,N/A,N/A,N/A,-,LOW,LOW,-,MEDIUM,N/A,N/A,N/A,N/A,N/A,N/A,2.2,5.3,-,N/A,2018-07-01
Adenium,ADE,Ethereum,ERC20,Switzerland,N/A,N/A,1924809 USD,N/A,N/A,N/A,-,-,-,-,-,5,Benchy,N/A,1,N/A,N/A,1.8,4.0,-,1.8,2018-04-18
Hub Token,HUB,N/A,N/A,N/A,N/A,N/A,N/A,N/A,N/A,N/A,-,LOW,LOW,-,MEDIUM,N/A,N/A,N/A,N/A,N/A,N/A,2.2,5.3,-,N/A,2018-07-01
BASIS NEURO ICO,BNST,N/A,N/A,N/A,N/A,N/A,N/A,N/A,N/A,N/A,HIGH,-,-,-,-,N/A,N/A,N/A,N/A,N/A,N/A,3.5,7.5,2.6,N/A,2018-08-01
Earthmedz,ETD,Ethereum,ERC20,Australia,21000000 USD,3000000 USD,N/A,N/A,N/A,N/A,-,-,-,-,LOW,8,Benchy,N/A,1,N/A,N/A,2.1,5.9,0.9,2.1,2018-05-20
HEALTHY COIN,HLCN,N/A,N/A,N/A,N/A,N/A,N/A,N/A,N/A,N/A,-,VERY LOW,VERY LOW,-,VERY LOW,N/A,N/A,N/A,N/A,N/A,N/A,1.8,3.2,-,N/A,2018-06-16
KohinoorCrypto,KCM,N/A,N/A,N/A,N/A,N/A,N/A,N/A,N/A,N/A,-,-,-,-,-,N/A,N/A,N/A,N/A,N/A,N/A,N/A,N/A,0.9,N/A,2018-04-15
Bezop Network,,N/A,N/A,N/A,N/A,N/A,N/A,N/A,N/A,N/A,LOW,HIGH,HIGH,-,MEDIUM,N/A,N/A,N/A,N/A,N/A,N/A,-,-,-,N/A,2018-01-10
Social Media Income (PreICO),SMI,N/A,N/A,N/A,N/A,N/A,N/A,N/A,N/A,N/A,-,VERY LOW,VERY LOW,-,-,N/A,N/A,N/A,N/A,N/A,N/A,2.1,4.0,2.7,N/A,2018-04-01
EcoPole ICO,EPC,N/A,N/A,N/A,N/A,N/A,N/A,N/A,N/A,N/A,-,VERY LOW,VERY LOW,-,VERY LOW,N/A,N/A,N/A,N/A,N/A,N/A,2.2,4.1,-,N/A,2018-09-01
Travvil,TVV,Ethereum,ERC20,Poland, UK, Singapore,N/A,N/A,N/A,N/A,N/A,N/A,-,VERY LOW,VERY LOW,-,-,1,N/A,N/A,10,N/A,N/A,2.2,5.1,-,N/A,2018-06-20
Kadena,,N/A,N/A,USA,N/A,N/A,N/A,N/A,N/A,N/A,-,VERY HIGH,VERY HIGH,-,MEDIUM,9,Benchy,N/A,10,N/A,N/A,-,-,-,2.7,Jul, 2018
Travvil,TVV,Ethereum,ERC20,Poland, UK, Singapore,N/A,N/A,N/A,N/A,N/A,N/A,-,VERY LOW,VERY LOW,-,-,1,N/A,N/A,10,N/A,N/A,2.2,5.1,-,N/A,2018-06-20
ArabToken,,N/A,N/A,N/A,N/A,N/A,N/A,N/A,N/A,N/A,-,-,-,-,-,N/A,N/A,N/A,N/A,N/A,N/A,N/A,N/A,-,N/A,2018-03-15
Stream Token,,N/A,N/A,N/A,N/A,N/A,N/A,N/A,N/A,N/A,-,-,-,-,-,N/A,N/A,N/A,N/A,N/A,N/A,2.1,4.4,-,N/A,2018-01-31
DATx ICO,DATX,N/A,N/A,N/A,N/A,N/A,N/A,N/A,N/A,N/A,VERY LOW,VERY HIGH,VERY HIGH,-,LOW,N/A,N/A,N/A,N/A,N/A,N/A,-,-,-,N/A,2018-03-15
EventRabbt,EVENTRABBIT TOKEN,Ethereum,ERC20,Australia,12000000 USD,3000000 USD,Unknown,N/A,1200000000,N/A,-,-,-,-,VERY LOW,6,Benchy,N/A,1,N/A,N/A,1.6,4.9,-,1.6,2018-07-16
RealtyCoin,RTC,N/A,N/A,Chile,5000000 USD,500000 USD,Unknown,N/A,N/A,N/A,VERY HIGH,VERY LOW,VERY LOW,-,-,5,Benchy,N/A,10,N/A,N/A,2.0,5.5,1.8,2.0,2018-01-31
EthBooks,EBK,Ethereum,85,000,000 EBK (85%),USA,N/A,1500 ETH,Unknown,N/A,N/A,N/A,MEDIUM,-,-,-,-,7,Benchy,N/A,1,N/A,N/A,2.0,N/A,-,2.0,2018-01-01
ReNu Coin,RENU,N/A,N/A,N/A,N/A,N/A,N/A,N/A,500000000,N/A,-,-,-,-,-,N/A,N/A,N/A,N/A,N/A,N/A,2.0,3.6,-,N/A,Jan, 2018
VALHALLA,VHL,Ethereum,ERC20,Singapore,N/A,N/A,N/A,N/A,5000000000,N/A,-,VERY LOW,VERY LOW,-,-,4,Benchy,1.7,10,1.4,2.0,2.0,6.0,2.4,2.0,2018-04-13
Cream Capital,,N/A,N/A,N/A,N/A,N/A,N/A,N/A,N/A,N/A,-,-,-,-,-,N/A,N/A,N/A,N/A,N/A,N/A,N/A,2.7,-,N/A,2018-01-21
YouRa,YRC,Ethereum,ERC20,Estonia,15,000,000 EUR,3,000,000 EUR,N/A,N/A,N/A,N/A,-,-,-,-,-,1,Benchy,N/A,9,N/A,N/A,2.2,4.6,2.5,2.2,2018-03-31
The Advertising Currency,TAC,N/A,N/A,N/A,40000000 USD,1000000 USD,Unknown,N/A,N/A,N/A,-,-,-,-,-,N/A,Benchy,N/A,N/A,N/A,N/A,2.3,6.7,2.3,2.3,2018-01-28
BitClassic (B2C),,N/A,N/A,N/A,N/A,N/A,N/A,N/A,N/A,N/A,LOW,MEDIUM,MEDIUM,-,-,N/A,N/A,N/A,N/A,N/A,N/A,-,-,-,N/A,2018-03-15
Myrymax,MRX,Ethereum,ERC20,United Kingdom,N/A,N/A,N/A,N/A,N/A,N/A,-,VERY LOW,VERY LOW,-,VERY LOW,1,Benchy,N/A,1,N/A,N/A,2.0,3.2,-,2.0,2018-04-30
Apis Token,,N/A,N/A,N/A,50000000 USD,N/A,N/A,N/A,N/A,N/A,-,-,-,-,-,N/A,Benchy,N/A,N/A,N/A,N/A,2.0,4.0,-,2.0,2018-06-27
YouRa,YRC,Ethereum,ERC20,Estonia,15,000,000 EUR,3,000,000 EUR,N/A,N/A,N/A,N/A,-,-,-,-,-,1,Benchy,N/A,9,N/A,N/A,2.2,4.6,2.5,2.2,2018-03-31
ClickAuto,AUTOCASH,N/A,N/A,N/A,N/A,N/A,N/A,N/A,25000000,3%,HIGH,VERY LOW,VERY LOW,-,-,N/A,N/A,N/A,N/A,N/A,N/A,2.1,2.6,-,N/A,2018-06-15
VICoin (VIC),,N/A,N/A,N/A,N/A,N/A,N/A,N/A,N/A,N/A,MEDIUM,VERY LOW,VERY LOW,-,VERY LOW,N/A,N/A,N/A,N/A,N/A,N/A,2.6,5.5,4.0,N/A,2018-05-31
ELBYTE NETWORK,ELB,N/A,N/A,N/A,N/A,N/A,N/A,N/A,N/A,N/A,-,VERY LOW,VERY LOW,-,-,N/A,Benchy,N/A,N/A,N/A,N/A,2.0,2.6,-,2.0,2018-04-29
HighIoT,,Ethereum,ERC20,N/A,15000000 USD,3000000 USD,N/A,N/A,N/A,N/A,-,-,-,-,VERY LOW,4,Benchy,3.0,10,2.0,2.0,2.1,6.0,-,2.1,2018-07-26
Trade Pharma Network,TXP,N/A,N/A,N/A,20000000 USD,N/A,1000000 USD,N/A,N/A,N/A,-,LOW,LOW,-,-,N/A,Benchy,1.5,N/A,1.4,1.8,2.1,6.5,-,2.1,2018-10-16
ULTRIX COIN ICO,ULX,N/A,N/A,N/A,N/A,N/A,N/A,N/A,N/A,N/A,-,-,-,-,-,N/A,N/A,N/A,N/A,N/A,N/A,2.1,4.4,-,N/A,2018-09-07
SelfPay,SXP,Ethereum,N/A,Thailand,25000 ETH,1250 ETH,Unknown,N/A,N/A,N/A,MEDIUM,-,-,-,-,5,Benchy,1.0,10,3.0,3.0,1.1,6.5,2.6,1.1,2018-10-28
Block Web,BWEB,N/A,N/A,N/A,N/A,3000 ETH,Unknown,N/A,N/A,N/A,-,VERY LOW,VERY LOW,-,-,N/A,Benchy,N/A,N/A,N/A,N/A,1.3,2.4,1.4,1.3,2018-04-30
DeFund Project,XDF,N/A,N/A,N/A,11097 ETH,2219 ETH,Unknown,N/A,N/A,N/A,-,VERY LOW,VERY LOW,-,-,N/A,Benchy,N/A,N/A,N/A,N/A,2.4,5.8,-,2.4,2018-07-31
SelfPay,SXP,Ethereum,N/A,Thailand,25000 ETH,1250 ETH,Unknown,N/A,N/A,N/A,MEDIUM,-,-,-,-,5,Benchy,1.0,10,3.0,3.0,1.1,6.5,2.6,1.1,2018-10-28
HireBits,HRBT,Ethereum,ERC20,India,550 ETH,350 ETH,Unknown,N/A,N/A,N/A,-,-,-,-,-,2,Benchy,N/A,5.8,N/A,N/A,1.7,2.8,1.7,1.7,2018-01-14
Filipcoin,,Ethereum,ERC-20,Philippines,N/A,N/A,N/A,N/A,N/A,N/A,VERY LOW,LOW,LOW,-,-,10,Benchy,N/A,10,N/A,N/A,1.8,8.6,2.7,1.8,Mar, 2018
Stelcoin,STEL,Ethereum,ERC20,USA,N/A,N/A,Unknown,N/A,N/A,N/A,VERY LOW,-,-,-,-,10,Benchy,N/A,1,N/A,N/A,2.1,6.5,2.2,2.1,2018-03-15
Qorio,QRO,N/A,N/A,N/A,N/A,N/A,N/A,N/A,N/A,N/A,VERY LOW,VERY LOW,VERY LOW,-,-,N/A,N/A,N/A,N/A,N/A,N/A,2.0,N/A,-,N/A,Jan, 2018
Primestar,PRIMECOIN,Ethereum,ERC20,Singapore,N/A,N/A,N/A,N/A,N/A,N/A,LOW,VERY LOW,VERY LOW,-,VERY LOW,6,Benchy,N/A,5,N/A,N/A,2.0,5.4,2.7,2.0,2018-04-12
Pangeacoins,,N/A,N/A,N/A,N/A,N/A,N/A,N/A,N/A,N/A,-,-,-,-,-,N/A,N/A,N/A,N/A,N/A,N/A,N/A,N/A,-,N/A,2018-03-28
NuMoney Exchange,NMX,N/A,N/A,N/A,N/A,10000000 USD,2000000 USD,N/A,N/A,N/A,VERY LOW,-,-,-,LOW,N/A,Benchy,1.0,N/A,1.0,1.0,2.4,6.7,2.4,2.4,2018-01-31
MenuBuzz,MENU,Ethereum,ERC20,Ireland,N/A,N/A,N/A,N/A,N/A,N/A,-,VERY LOW,VERY LOW,-,-,1,N/A,N/A,10,N/A,N/A,2.4,5.5,-,N/A,2018-05-15
Qorio,QRO,N/A,N/A,N/A,N/A,N/A,N/A,N/A,N/A,N/A,VERY LOW,VERY LOW,VERY LOW,-,-,N/A,N/A,N/A,N/A,N/A,N/A,2.0,N/A,-,N/A,Jan, 2018
KuwaitKoin,KWK,Ethereum,ERC20,Kuwait,N/A,N/A,Unknown,N/A,N/A,N/A,-,VERY LOW,VERY LOW,-,-,1,Benchy,N/A,1,N/A,N/A,2.1,3.0,-,2.1,2018-11-21
AVAQVA,AVQ,Ethereum,ERC20,Russia,19000000 USD,2000000 USD,N/A,N/A,N/A,N/A,-,VERY LOW,VERY LOW,-,-,5,Benchy,N/A,9,N/A,N/A,2.0,6.7,1.8,2.0,Jun, 2018
Media Sifter,SFT,N/A,N/A,N/A,N/A,N/A,N/A,N/A,N/A,N/A,-,VERY LOW,VERY LOW,-,VERY LOW,N/A,Benchy,N/A,N/A,N/A,N/A,2.1,5.1,-,2.1,2018-06-01
Rate Date,RDT,N/A,N/A,N/A,10000 ETH,250 ETH,N/A,N/A,N/A,N/A,MEDIUM,LOW,LOW,-,VERY LOW,N/A,Benchy,2.8,N/A,1.8,1.8,2.2,6.3,2.4,2.2,2018-03-26
Ethfinex Nectar Token,NEC,N/A,N/A,N/A,N/A,N/A,N/A,N/A,N/A,N/A,-,VERY LOW,VERY LOW,-,-,N/A,N/A,N/A,N/A,N/A,N/A,-,-,-,N/A,2018-12-31
ETHERGO,,Ethereum,ERC-20,N/A,N/A,N/A,N/A,N/A,N/A,N/A,VERY HIGH,-,-,-,VERY LOW,1,Benchy,N/A,1,N/A,N/A,2.0,2.3,-,2.0,2018-06-30
FLASH Token,,N/A,N/A,N/A,N/A,N/A,78000000002170000000019940000000063338500 ETH,N/A,N/A,N/A,VERY HIGH,VERY LOW,VERY LOW,-,-,N/A,Benchy,N/A,N/A,N/A,N/A,2.0,4.6,-,2.0,2018-01-30
PropertyClub,PCC,Ethereum,ERC20,USA,1070000 USD,10000 USD,26250 USD,800000000,40000000,N/A,-,-,-,-,-,1,Benchy,N/A,1,N/A,N/A,2.1,3.2,-,2.1,Jun, 2018
ETHERGO,,Ethereum,ERC-20,N/A,N/A,N/A,N/A,N/A,N/A,N/A,VERY HIGH,-,-,-,VERY LOW,1,Benchy,N/A,1,N/A,N/A,2.0,2.3,-,2.0,2018-06-30
BITCAPTERA,BITCAP,N/A,N/A,Canada,N/A,N/A,Unknown,N/A,N/A,N/A,-,-,-,-,-,8,Benchy,N/A,1,N/A,N/A,1.8,4.9,1.5,1.8,2018-01-05
Sonic,SONIC,Ethereum,ERC223,UK,N/A,N/A,N/A,N/A,N/A,N/A,-,VERY LOW,VERY LOW,-,VERY LOW,4,Benchy,1.0,5,1.0,3.0,2.1,4.7,-,2.1,2018-06-14
MAVO,MVT,N/A,N/A,N/A,N/A,N/A,N/A,N/A,N/A,N/A,-,-,-,-,VERY LOW,7,N/A,N/A,1,N/A,N/A,2.1,4.2,-,N/A,2018-01-31
TrillHUB,TLC,Ethereum,ERC20,Czech Republic,20000000 USD,1000000 USD,Unknown,2000000000,100000000,N/A,-,-,-,-,-,8,Benchy,N/A,5,N/A,N/A,2.0,6.6,2.3,2.0,2018-03-19
IQB-C,,N/A,N/A,N/A,N/A,N/A,N/A,N/A,N/A,N/A,-,LOW,LOW,-,LOW,N/A,N/A,N/A,N/A,N/A,N/A,1.6,4.4,-,N/A,2018-04-22
DatEat,DTE,Ethereum,ERC20,Singapore,23000000 USD,3000000 USD,18000000 USD,2300000000,300000000,N/A,-,-,-,-,LOW,8,Benchy,1.4,9,1.2,1.2,1.9,7.7,-,1.9,2018-08-30
Polymerium,PLM,Ethereum,ERC20,Russia,N/A,N/A,Unknown,N/A,150000000,N/A,MEDIUM,VERY LOW,VERY LOW,-,-,1,Benchy,1.7,2,1.0,1.0,1.9,3.9,1.6,1.9,2018-01-01
Consensus,,N/A,N/A,N/A,N/A,N/A,N/A,N/A,N/A,N/A,-,VERY HIGH,VERY HIGH,-,MEDIUM,10,Benchy,N/A,10,N/A,N/A,-,-,-,1.7,2018-04-01
FriendsFingers,HAK,Ethereum,ERC20,Italy,2000 ETH,N/A,N/A,N/A,N/A,N/A,-,VERY LOW,VERY LOW,-,VERY LOW,6,Benchy,N/A,1,N/A,N/A,-,-,-,1.8,2018-03-24
Herby,HBY,Ethereum,ERC20,Netherlands,70000 ETH,14000 ETH,N/A,7000000,1400000,N/A,VERY LOW,VERY LOW,VERY LOW,-,-,1,Benchy,N/A,8,N/A,N/A,2.7,4.9,1.6,2.7,2018-03-02
Herby,HBY,Ethereum,ERC20,Netherlands,70000 ETH,14000 ETH,N/A,7000000,1400000,N/A,VERY LOW,VERY LOW,VERY LOW,-,-,1,Benchy,N/A,8,N/A,N/A,2.7,4.9,1.6,2.7,2018-03-02
MIB,MIB,N/A,N/A,N/A,25000000 USD,10000000 USD,Unknown,N/A,N/A,N/A,-,LOW,LOW,-,-,N/A,Benchy,1.2,N/A,1.4,1.3,-,-,-,2.0,2018-08-10
One Share,ONE,N/A,N/A,N/A,N/A,1000000 USD,N/A,N/A,N/A,N/A,-,VERY LOW,VERY LOW,VERY LOW,-,N/A,Benchy,1.6,N/A,1.6,2.0,1.9,6.5,-,1.9,2018-09-16
Fluence,FLU,N/A,N/A,N/A,N/A,N/A,N/A,N/A,2250000000,N/A,-,VERY LOW,VERY LOW,-,-,N/A,N/A,N/A,N/A,N/A,N/A,1.9,4.4,2.7,N/A,Dec, 2018
Infinitum Coin,INF,N/A,N/A,N/A,N/A,N/A,N/A,10000000000,1000000000,N/A,-,-,-,-,-,N/A,N/A,N/A,N/A,N/A,N/A,N/A,N/A,-,N/A,2018-03-30
A7 Core,ASVN,N/A,N/A,N/A,20000000 USD,2500000 USD,N/A,N/A,N/A,N/A,HIGH,MEDIUM,MEDIUM,-,-,N/A,Benchy,N/A,N/A,N/A,N/A,2.8,6.0,-,2.8,2018-06-01
GigECoin,GIG,Ethereum,ERC20,UK,N/A,N/A,N/A,N/A,N/A,N/A,-,LOW,LOW,-,-,6,Benchy,N/A,1,N/A,N/A,-,-,-,1.6,2018-05-01
Bitether,BTR,Ethereum,ERC20,USA,N/A,N/A,N/A,N/A,N/A,N/A,-,-,-,-,-,7,Benchy,N/A,1,N/A,N/A,-,-,-,1.8,2018-01-27
Nebula Genomics,,N/A,N/A,N/A,N/A,N/A,N/A,N/A,N/A,N/A,-,VERY HIGH,VERY HIGH,-,LOW,N/A,Benchy,N/A,N/A,N/A,N/A,1.7,6.8,-,1.7,Jun, 2018
Bitether,BTR,Ethereum,ERC20,USA,N/A,N/A,N/A,N/A,N/A,N/A,-,-,-,-,-,7,Benchy,N/A,1,N/A,N/A,-,-,-,1.8,2018-01-27
CPChain (CPC),,N/A,N/A,N/A,N/A,N/A,N/A,N/A,N/A,N/A,-,HIGH,HIGH,-,MEDIUM,N/A,N/A,N/A,N/A,N/A,N/A,-,-,-,N/A,2018-01-23
BASIS,BSS,Ethereum,ERC20,Russia,N/A,N/A,N/A,N/A,140000000,9500%,HIGH,VERY LOW,VERY LOW,-,-,4,Benchy,N/A,1,N/A,N/A,2.4,4.9,2.4,1.6,2018-02-07
HarapanCoin,,N/A,N/A,N/A,N/A,N/A,N/A,N/A,N/A,N/A,-,VERY LOW,VERY LOW,-,-,N/A,N/A,N/A,N/A,N/A,N/A,1.9,2.6,-,N/A,2018-05-05
BASIS,BSS,Ethereum,ERC20,Russia,N/A,N/A,N/A,N/A,140000000,9500%,HIGH,VERY LOW,VERY LOW,-,-,4,Benchy,N/A,1,N/A,N/A,2.4,4.9,2.4,1.6,2018-02-07
HarapanCoin,,N/A,N/A,N/A,N/A,N/A,N/A,N/A,N/A,N/A,-,VERY LOW,VERY LOW,-,-,N/A,N/A,N/A,N/A,N/A,N/A,1.9,2.6,-,N/A,2018-05-05
Mithril Ore,MORE,N/A,N/A,N/A,N/A,N/A,N/A,N/A,N/A,N/A,-,MEDIUM,MEDIUM,-,-,N/A,Benchy,N/A,N/A,N/A,N/A,-,-,-,2.2,2018-02-05
KODAKOne,KODAKCOIN,Ethereum,ERC20,N/A,N/A,N/A,N/A,N/A,N/A,N/A,-,-,-,-,-,8,N/A,N/A,1,N/A,N/A,2.6,3.3,-,N/A,2018-02-28
MEDIS,,Ethereum,ERC20,USA,20000 ETH,8000 ETH,Unknown,N/A,N/A,N/A,-,VERY LOW,VERY LOW,-,-,2,Benchy,2.0,1,1.0,2.0,2.1,3.5,-,2.1,2018-06-01
Sintec ICO,SINTS,N/A,N/A,N/A,N/A,N/A,N/A,N/A,N/A,N/A,MEDIUM,-,-,-,-,N/A,N/A,N/A,N/A,N/A,N/A,2.1,5.4,1.9,N/A,2018-02-28
Talenter,TLT,Ethereum,ERC20,Germany,7000 ETH,N/A,Unknown,N/A,600000,N/A,-,VERY HIGH,VERY HIGH,-,-,10,Benchy,1.0,10,1.0,1.0,2.2,7.9,1.2,2.2,2018-04-06
Stamps ICO,STAMP,N/A,N/A,N/A,N/A,N/A,N/A,8900000000,100000000,N/A,-,VERY LOW,VERY LOW,-,-,N/A,N/A,N/A,N/A,N/A,N/A,N/A,N/A,-,N/A,2018-04-04
VICCOIN,,Ethereum,ERC20,USA,N/A,N/A,N/A,N/A,N/A,N/A,-,-,-,-,-,1,Benchy,N/A,1,N/A,N/A,1.8,2.4,1.8,1.8,2018-01-15
Woodscoin,WOODSCOIN,Ethereum,ERC20,Russia,N/A,N/A,N/A,N/A,N/A,N/A,-,VERY LOW,VERY LOW,-,-,1,Benchy,N/A,1,N/A,N/A,1.8,3.0,-,1.8,2018-05-01
Lionsea,LST,N/A,20,000,000 LST (50%),N/A,21500000 USD,8000000 USD,N/A,N/A,N/A,100%,VERY LOW,VERY LOW,VERY LOW,-,-,6,Benchy,N/A,1,N/A,N/A,1.8,5.1,-,1.8,2018-05-21
QI,,Ethereum,ERC20,Hong Kong,1095050 USD,N/A,2497966 USD,N/A,N/A,N/A,-,VERY LOW,VERY LOW,-,-,2,Benchy,1.0,1,1.0,1.0,1.5,5.7,-,1.5,2018-11-01
SMHC Coin,SMHC,N/A,N/A,N/A,N/A,N/A,Unknown,N/A,N/A,N/A,-,-,-,-,-,N/A,Benchy,N/A,N/A,N/A,N/A,1.6,2.4,-,1.6,2018-05-18
EXOCOIN,EXO,SHA256,SHA256,N/A,N/A,N/A,N/A,N/A,N/A,N/A,VERY LOW,VERY LOW,VERY LOW,-,-,7,Benchy,N/A,1,N/A,N/A,2.0,5.1,-,2.0,2018-04-30
GamePlayerCoin,GPC,N/A,N/A,N/A,N/A,N/A,N/A,3750000,250000,N/A,VERY LOW,VERY LOW,VERY LOW,-,-,N/A,N/A,N/A,N/A,N/A,N/A,N/A,N/A,2.0,N/A,2018-01-19
SNBL,SNBL,Ethereum,ERC20,N/A,N/A,N/A,Unknown,N/A,N/A,N/A,-,VERY LOW,VERY LOW,-,-,3,Benchy,1.5,2,1.2,1.4,1.5,3.5,-,1.5,2018-06-30
Anonymous Service Chain,,N/A,N/A,N/A,N/A,4999 ETH,Unknown,N/A,N/A,N/A,-,-,-,-,-,N/A,Benchy,N/A,N/A,N/A,N/A,1.6,2.4,1.9,1.6,2018-01-31
Enbloc (Enbloc Token),,N/A,N/A,N/A,N/A,N/A,N/A,N/A,N/A,N/A,-,-,-,-,-,N/A,N/A,N/A,N/A,N/A,N/A,N/A,N/A,-,N/A,2018-05-01
HONEST IСO,,N/A,N/A,N/A,N/A,N/A,N/A,N/A,N/A,N/A,-,VERY LOW,VERY LOW,-,-,N/A,N/A,N/A,N/A,N/A,N/A,N/A,N/A,-,N/A,2018-04-30
GMT Token ICO,,N/A,N/A,N/A,N/A,N/A,N/A,N/A,N/A,N/A,VERY HIGH,LOW,LOW,-,VERY LOW,N/A,N/A,N/A,N/A,N/A,N/A,N/A,N/A,-,N/A,2018-02-28
Connect Social,TOKEN,N/A,N/A,N/A,N/A,N/A,N/A,N/A,N/A,N/A,-,-,-,-,VERY LOW,N/A,Benchy,N/A,N/A,N/A,N/A,1.8,3.2,-,1.8,2018-06-30
Raiza,,N/A,N/A,N/A,N/A,N/A,N/A,N/A,N/A,N/A,-,-,-,-,-,N/A,N/A,N/A,N/A,N/A,N/A,N/A,N/A,-,N/A,2018-05-01
myMincome,,Ethereum,ERC20,CHE,60,000,000,15,000,000,N/A,N/A,N/A,N/A,-,VERY LOW,VERY LOW,-,-,5,Benchy,N/A,1,N/A,N/A,1.7,4.0,-,1.7,2018-03-31
Welcome to TORUS,TORUS/TRS,N/A,N/A,N/A,N/A,N/A,N/A,N/A,N/A,N/A,-,VERY LOW,VERY LOW,-,-,N/A,Benchy,N/A,N/A,N/A,N/A,1.7,2.6,-,1.7,2018-07-31
POCAGA,PCG,Ethereum,ERC20,USA,N/A,N/A,N/A,N/A,N/A,N/A,-,-,-,-,-,1,N/A,N/A,1,N/A,N/A,1.8,3.0,2.1,N/A,2018-04-10
Oyoba Inc.,OYFT,N/A,N/A,N/A,N/A,N/A,N/A,N/A,N/A,N/A,-,LOW,LOW,-,VERY LOW,N/A,Benchy,N/A,N/A,N/A,N/A,1.7,6.2,-,1.7,Apr, 2018
Idea Jump,IJPROJECT,N/A,N/A,N/A,370000 USD,N/A,28750 USD,N/A,10000000,28%,-,VERY LOW,VERY LOW,-,VERY LOW,N/A,Benchy,1.0,N/A,1.0,3.0,1.6,4.4,1.5,1.6,2018-04-30
ShopCorn,SHOP,Ethereum,ERC20,Japan,N/A,N/A,N/A,N/A,N/A,N/A,-,VERY LOW,VERY LOW,-,-,6,Benchy,1.0,1,1.0,1.0,1.9,4.4,2.7,1.9,2018-02-28
Specular,SPEK,Ethereum,ERC20,South Africa,N/A,N/A,N/A,N/A,40000,1250%,-,-,-,-,-,5,Benchy,N/A,1,N/A,N/A,1.7,4.2,-,1.7,2018-07-31
OpenAssets,OPA,Ethereum,ERC20,Russia,34,000,000,20,000,000,Unknown,N/A,N/A,N/A,-,-,-,-,VERY LOW,3,Benchy,1.0,4,1.0,1.0,1.8,5.1,2.3,1.8,2018-02-26
Trinity (TNC),TNC,N/A,N/A,N/A,N/A,N/A,N/A,N/A,N/A,N/A,-,VERY HIGH,VERY HIGH,-,-,N/A,N/A,N/A,N/A,N/A,N/A,-,-,-,N/A,2018-02-15
Sunnybet,SBET,N/A,N/A,N/A,N/A,N/A,N/A,N/A,N/A,N/A,-,-,-,-,-,N/A,N/A,N/A,N/A,N/A,N/A,1.9,N/A,2.0,N/A,2018-06-05
Pre-Charge,,N/A,N/A,USA,N/A,N/A,N/A,N/A,2500000000,N/A,-,-,-,-,-,9,N/A,N/A,10,N/A,N/A,-,-,-,N/A,Sep, 2018
LELEcoin,LELE,N/A,N/A,Indonesia,1000000 USD,N/A,Unknown,N/A,N/A,N/A,HIGH,-,-,-,VERY LOW,7,Benchy,N/A,1,N/A,N/A,1.5,4.5,-,2.3,2018-02-28
Feast Coin (PreICO),,N/A,N/A,N/A,N/A,N/A,N/A,N/A,5000000000,N/A,VERY LOW,-,-,-,-,N/A,N/A,N/A,N/A,N/A,N/A,1.7,4.2,1.4,N/A,2018-03-14
thorentium,XTRT,Ethereum,ERC20,Thailand,N/A,N/A,N/A,N/A,N/A,N/A,-,-,-,-,VERY LOW,10,Benchy,N/A,1,N/A,N/A,1.7,5.8,4.1,1.7,2018-04-30
TCASH,TCASH,Ethereum,ERC20,Japan,N/A,N/A,N/A,N/A,N/A,N/A,VERY LOW,VERY HIGH,VERY HIGH,-,HIGH,10,N/A,N/A,1,N/A,N/A,-,-,-,N/A,2018-02-18
Capin coin,,N/A,N/A,N/A,N/A,N/A,N/A,N/A,N/A,N/A,-,VERY LOW,VERY LOW,-,-,N/A,N/A,N/A,N/A,N/A,N/A,N/A,N/A,-,N/A,2018-04-30
DPRG,DPRG,Ethereum,ERC20,London,N/A,N/A,N/A,N/A,N/A,N/A,-,-,-,-,-,1,Benchy,N/A,1,N/A,N/A,1.8,2.6,-,1.8,Jun, 2018
EvaCoin,EVA,Ethereum,ERC20,Russia,750000 USD,150000 USD,N/A,75000000,2500000,N/A,-,VERY LOW,VERY LOW,-,VERY LOW,7,Benchy,N/A,1,N/A,N/A,1.6,5.8,1.4,1.6,2018-02-01
Bitnexa,BNX,Bitcoin,Bitcoin,United States,N/A,N/A,N/A,N/A,N/A,N/A,-,VERY LOW,VERY LOW,-,-,7,Benchy,N/A,1,N/A,N/A,1.7,5.1,2.0,1.7,2018-03-13
FiCoin,FIC,N/A,N/A,N/A,N/A,N/A,N/A,N/A,N/A,N/A,VERY LOW,-,-,-,-,N/A,N/A,N/A,N/A,N/A,N/A,N/A,N/A,-,N/A,2018-01-10
Coinepic Exchange,CEC,N/A,N/A,N/A,N/A,N/A,N/A,N/A,N/A,N/A,VERY LOW,-,-,VERY LOW,-,N/A,N/A,N/A,N/A,N/A,N/A,1.6,4.2,-,N/A,2018-11-05
CIRCLE,CRC,Ethereum,ERC20,N/A,N/A,N/A,N/A,N/A,N/A,N/A,VERY HIGH,-,-,-,-,3,Benchy,N/A,9,N/A,N/A,1.8,5.2,1.8,1.8,2018-02-18
MOYA Networks ICO,MTK,N/A,N/A,N/A,N/A,N/A,N/A,N/A,10000000000,N/A,VERY HIGH,LOW,LOW,-,VERY LOW,N/A,N/A,N/A,N/A,N/A,N/A,N/A,N/A,-,N/A,2018-01-16
Crypto Seed,,N/A,N/A,N/A,N/A,N/A,N/A,N/A,N/A,N/A,-,-,-,-,-,N/A,Benchy,N/A,N/A,N/A,N/A,1.5,1.6,-,1.5,2018-05-03
Verdict,VRD,Ethereum,ERC20,USA,30000000 USD,3000000 USD,N/A,N/A,N/A,N/A,-,-,-,-,-,1,Benchy,N/A,1,N/A,N/A,1.5,2.6,1.5,1.5,2018-04-02
Findafixr,FXR,Ethereum,ERC20,USA,10000000 USD,1000000 USD,N/A,N/A,N/A,N/A,-,-,-,-,-,1,Benchy,N/A,1,N/A,N/A,1.5,2.8,-,1.5,2018-04-17
Qfora,QUROZ,Ethereum,ERC20,Singapore,N/A,N/A,N/A,5000000,500000,N/A,-,VERY LOW,VERY LOW,-,VERY LOW,1,N/A,N/A,1,N/A,N/A,1.5,3.3,-,N/A,2018-10-08
Anonymous Service Chain,,N/A,N/A,N/A,N/A,4999 ETH,Unknown,N/A,N/A,N/A,-,-,-,-,-,N/A,Benchy,N/A,N/A,N/A,N/A,1.6,2.4,1.9,1.6,2018-01-31
Enbloc (Enbloc Token),,N/A,N/A,N/A,N/A,N/A,N/A,N/A,N/A,N/A,-,-,-,-,-,N/A,N/A,N/A,N/A,N/A,N/A,N/A,N/A,-,N/A,2018-05-01
HONEST IСO,,N/A,N/A,N/A,N/A,N/A,N/A,N/A,N/A,N/A,-,VERY LOW,VERY LOW,-,-,N/A,N/A,N/A,N/A,N/A,N/A,N/A,N/A,-,N/A,2018-04-30
GMT Token ICO,,N/A,N/A,N/A,N/A,N/A,N/A,N/A,N/A,N/A,VERY HIGH,LOW,LOW,-,VERY LOW,N/A,N/A,N/A,N/A,N/A,N/A,N/A,N/A,-,N/A,2018-02-28
Connect Social,TOKEN,N/A,N/A,N/A,N/A,N/A,N/A,N/A,N/A,N/A,-,-,-,-,VERY LOW,N/A,Benchy,N/A,N/A,N/A,N/A,1.8,3.2,-,1.8,2018-06-30
Raiza,,N/A,N/A,N/A,N/A,N/A,N/A,N/A,N/A,N/A,-,-,-,-,-,N/A,N/A,N/A,N/A,N/A,N/A,N/A,N/A,-,N/A,2018-05-01
myMincome,,Ethereum,ERC20,CHE,60,000,000,15,000,000,N/A,N/A,N/A,N/A,-,VERY LOW,VERY LOW,-,-,5,Benchy,N/A,1,N/A,N/A,1.7,4.0,-,1.7,2018-03-31
Welcome to TORUS,TORUS/TRS,N/A,N/A,N/A,N/A,N/A,N/A,N/A,N/A,N/A,-,VERY LOW,VERY LOW,-,-,N/A,Benchy,N/A,N/A,N/A,N/A,1.7,2.6,-,1.7,2018-07-31
POCAGA,PCG,Ethereum,ERC20,USA,N/A,N/A,N/A,N/A,N/A,N/A,-,-,-,-,-,1,N/A,N/A,1,N/A,N/A,1.8,3.0,2.1,N/A,2018-04-10
Oyoba Inc.,OYFT,N/A,N/A,N/A,N/A,N/A,N/A,N/A,N/A,N/A,-,LOW,LOW,-,VERY LOW,N/A,Benchy,N/A,N/A,N/A,N/A,1.7,6.2,-,1.7,Apr, 2018
Idea Jump,IJPROJECT,N/A,N/A,N/A,370000 USD,N/A,28750 USD,N/A,10000000,28%,-,VERY LOW,VERY LOW,-,VERY LOW,N/A,Benchy,1.0,N/A,1.0,3.0,1.6,4.4,1.5,1.6,2018-04-30
ShopCorn,SHOP,Ethereum,ERC20,Japan,N/A,N/A,N/A,N/A,N/A,N/A,-,VERY LOW,VERY LOW,-,-,6,Benchy,1.0,1,1.0,1.0,1.9,4.4,2.7,1.9,2018-02-28
Specular,SPEK,Ethereum,ERC20,South Africa,N/A,N/A,N/A,N/A,40000,1250%,-,-,-,-,-,5,Benchy,N/A,1,N/A,N/A,1.7,4.2,-,1.7,2018-07-31
OpenAssets,OPA,Ethereum,ERC20,Russia,34,000,000,20,000,000,Unknown,N/A,N/A,N/A,-,-,-,-,VERY LOW,3,Benchy,1.0,4,1.0,1.0,1.8,5.1,2.3,1.8,2018-02-26
Trinity (TNC),TNC,N/A,N/A,N/A,N/A,N/A,N/A,N/A,N/A,N/A,-,VERY HIGH,VERY HIGH,-,-,N/A,N/A,N/A,N/A,N/A,N/A,-,-,-,N/A,2018-02-15
Sunnybet,SBET,N/A,N/A,N/A,N/A,N/A,N/A,N/A,N/A,N/A,-,-,-,-,-,N/A,N/A,N/A,N/A,N/A,N/A,1.9,N/A,2.0,N/A,2018-06-05
Pre-Charge,,N/A,N/A,USA,N/A,N/A,N/A,N/A,2500000000,N/A,-,-,-,-,-,9,N/A,N/A,10,N/A,N/A,-,-,-,N/A,Sep, 2018
LELEcoin,LELE,N/A,N/A,Indonesia,1000000 USD,N/A,Unknown,N/A,N/A,N/A,HIGH,-,-,-,VERY LOW,7,Benchy,N/A,1,N/A,N/A,1.5,4.5,-,2.3,2018-02-28
Feast Coin (PreICO),,N/A,N/A,N/A,N/A,N/A,N/A,N/A,5000000000,N/A,VERY LOW,-,-,-,-,N/A,N/A,N/A,N/A,N/A,N/A,1.7,4.2,1.4,N/A,2018-03-14
thorentium,XTRT,Ethereum,ERC20,Thailand,N/A,N/A,N/A,N/A,N/A,N/A,-,-,-,-,VERY LOW,10,Benchy,N/A,1,N/A,N/A,1.7,5.8,4.1,1.7,2018-04-30
TCASH,TCASH,Ethereum,ERC20,Japan,N/A,N/A,N/A,N/A,N/A,N/A,VERY LOW,VERY HIGH,VERY HIGH,-,HIGH,10,N/A,N/A,1,N/A,N/A,-,-,-,N/A,2018-02-18
Capin coin,,N/A,N/A,N/A,N/A,N/A,N/A,N/A,N/A,N/A,-,VERY LOW,VERY LOW,-,-,N/A,N/A,N/A,N/A,N/A,N/A,N/A,N/A,-,N/A,2018-04-30
DPRG,DPRG,Ethereum,ERC20,London,N/A,N/A,N/A,N/A,N/A,N/A,-,-,-,-,-,1,Benchy,N/A,1,N/A,N/A,1.8,2.6,-,1.8,Jun, 2018
EvaCoin,EVA,Ethereum,ERC20,Russia,750000 USD,150000 USD,N/A,75000000,2500000,N/A,-,VERY LOW,VERY LOW,-,VERY LOW,7,Benchy,N/A,1,N/A,N/A,1.6,5.8,1.4,1.6,2018-02-01
Bitnexa,BNX,Bitcoin,Bitcoin,United States,N/A,N/A,N/A,N/A,N/A,N/A,-,VERY LOW,VERY LOW,-,-,7,Benchy,N/A,1,N/A,N/A,1.7,5.1,2.0,1.7,2018-03-13
FiCoin,FIC,N/A,N/A,N/A,N/A,N/A,N/A,N/A,N/A,N/A,VERY LOW,-,-,-,-,N/A,N/A,N/A,N/A,N/A,N/A,N/A,N/A,-,N/A,2018-01-10
Coinepic Exchange,CEC,N/A,N/A,N/A,N/A,N/A,N/A,N/A,N/A,N/A,VERY LOW,-,-,VERY LOW,-,N/A,N/A,N/A,N/A,N/A,N/A,1.6,4.2,-,N/A,2018-11-05
CIRCLE,CRC,Ethereum,ERC20,N/A,N/A,N/A,N/A,N/A,N/A,N/A,VERY HIGH,-,-,-,-,3,Benchy,N/A,9,N/A,N/A,1.8,5.2,1.8,1.8,2018-02-18
MOYA Networks ICO,MTK,N/A,N/A,N/A,N/A,N/A,N/A,N/A,10000000000,N/A,VERY HIGH,LOW,LOW,-,VERY LOW,N/A,N/A,N/A,N/A,N/A,N/A,N/A,N/A,-,N/A,2018-01-16
Crypto Seed,,N/A,N/A,N/A,N/A,N/A,N/A,N/A,N/A,N/A,-,-,-,-,-,N/A,Benchy,N/A,N/A,N/A,N/A,1.5,1.6,-,1.5,2018-05-03
Verdict,VRD,Ethereum,ERC20,USA,30000000 USD,3000000 USD,N/A,N/A,N/A,N/A,-,-,-,-,-,1,Benchy,N/A,1,N/A,N/A,1.5,2.6,1.5,1.5,2018-04-02
Findafixr,FXR,Ethereum,ERC20,USA,10000000 USD,1000000 USD,N/A,N/A,N/A,N/A,-,-,-,-,-,1,Benchy,N/A,1,N/A,N/A,1.5,2.8,-,1.5,2018-04-17
Qfora,QUROZ,Ethereum,ERC20,Singapore,N/A,N/A,N/A,5000000,500000,N/A,-,VERY LOW,VERY LOW,-,VERY LOW,1,N/A,N/A,1,N/A,N/A,1.5,3.3,-,N/A,2018-10-08
Unicoin,UCN,Ethereum,N/A,N/A,30000000 USD,N/A,N/A,N/A,N/A,100%,-,LOW,LOW,-,-,7,Benchy,1.0,1,1.0,1.0,1.7,4.5,1.7,1.7,2018-01-31
Allend,ALC,N/A,N/A,Finland,N/A,N/A,Unknown,N/A,N/A,N/A,VERY LOW,VERY LOW,VERY LOW,-,-,2,Benchy,1.0,1,1.0,1.0,1.1,2.6,-,1.1,2018-01-25
Unicoin,UCN,Ethereum,N/A,N/A,30000000 USD,N/A,N/A,N/A,N/A,100%,-,LOW,LOW,-,-,7,Benchy,1.0,1,1.0,1.0,1.7,4.5,1.7,1.7,2018-01-31
Allend,ALC,N/A,N/A,Finland,N/A,N/A,Unknown,N/A,N/A,N/A,VERY LOW,VERY LOW,VERY LOW,-,-,2,Benchy,1.0,1,1.0,1.0,1.1,2.6,-,1.1,2018-01-25
Hong Coin,Ħ,Ethereum,ERC20,N/A,N/A,N/A,N/A,N/A,N/A,N/A,VERY LOW,VERY LOW,VERY LOW,-,-,8,N/A,N/A,1,N/A,N/A,N/A,N/A,-,N/A,
BitcoinSpread,,N/A,N/A,N/A,N/A,N/A,N/A,N/A,N/A,N/A,-,VERY LOW,VERY LOW,-,-,N/A,N/A,N/A,N/A,N/A,N/A,N/A,N/A,-,N/A,2018-02-28
TuteCoin,,N/A,N/A,N/A,N/A,N/A,N/A,N/A,N/A,N/A,-,-,-,-,-,N/A,N/A,N/A,N/A,N/A,N/A,N/A,N/A,-,N/A,2018-05-10
Earth Dollar,,N/A,N/A,N/A,N/A,N/A,N/A,N/A,N/A,N/A,VERY HIGH,LOW,LOW,-,-,N/A,N/A,N/A,N/A,N/A,N/A,N/A,N/A,-,N/A,2018-02-28
Tcoin Network,,N/A,N/A,N/A,N/A,N/A,N/A,N/A,N/A,N/A,-,VERY LOW,VERY LOW,-,VERY LOW,N/A,N/A,N/A,N/A,N/A,N/A,N/A,N/A,-,N/A,Jul, 2018
FLUON,,N/A,N/A,N/A,N/A,N/A,N/A,N/A,N/A,N/A,-,-,-,-,-,3,Benchy,1.0,7,1.0,2.1,1.1,3.7,-,1.1,Feb, 2018
WCX,,Ethereum,ERC20,N/A,N/A,N/A,N/A,N/A,N/A,N/A,VERY LOW,-,-,-,-,10,Benchy,1.0,1,1.0,1.0,1.2,5.4,3.0,1.2,2018-01-01
CoInsure Blockchain,CIB,N/A,N/A,N/A,21000000 USD,5000000 USD,N/A,N/A,N/A,N/A,-,-,-,-,VERY LOW,N/A,Benchy,N/A,N/A,N/A,N/A,1.3,3.3,-,1.3,2018-05-01
LHG,LHG,N/A,N/A,N/A,2500 ETH,1000 ETH,N/A,N/A,N/A,N/A,-,-,-,-,-,1,Benchy,1.0,1,1.0,1.0,1.8,2.3,-,1.8,2018-08-04
THRINTEL MARKET,SEC,N/A,N/A,N/A,3000 ETH,300 ETH,N/A,N/A,N/A,N/A,-,LOW,LOW,-,VERY LOW,N/A,Benchy,1.2,N/A,1.1,1.5,1.4,7.7,-,1.4,2018-03-18
RaiBlocks ICO,,N/A,N/A,N/A,N/A,N/A,N/A,N/A,N/A,N/A,-,LOW,LOW,-,-,N/A,N/A,N/A,N/A,N/A,N/A,N/A,N/A,-,N/A,2018-02-28
Hivemind,TM-HIVE,N/A,N/A,N/A,N/A,N/A,N/A,N/A,N/A,N/A,-,MEDIUM,MEDIUM,-,-,N/A,N/A,N/A,N/A,N/A,N/A,1.1,3.5,3.6,N/A,Feb, 2018
InterestCoin,,N/A,N/A,N/A,N/A,N/A,N/A,N/A,N/A,N/A,-,-,-,-,-,N/A,N/A,N/A,N/A,N/A,N/A,1.2,1.9,-,N/A,2018-02-28
Ethereum Sweepstakes,SWEEP,N/A,N/A,N/A,N/A,1,000,000,Unknown,N/A,N/A,N/A,-,-,-,-,-,N/A,Benchy,1.0,N/A,1.0,1.0,1.0,3.3,2.4,1.0,2018-12-31
DAWQ,DAWQ,Ethereum,ERC20,Netherlands,N/A,N/A,N/A,N/A,100000000,N/A,-,-,-,-,-,1,Benchy,1.3,1,1.3,1.4,1.1,2.6,1.4,1.1,2018-01-15
XAOS,XAOS,Ethereum,ECR20,United Kingdom,3360000 USD,800000 USD,N/A,N/A,N/A,N/A,-,-,-,-,-,8,Benchy,N/A,1,N/A,N/A,1.1,5.3,1.5,1.1,2018-06-27
Aura Project,,N/A,N/A,N/A,N/A,N/A,N/A,N/A,N/A,N/A,-,-,-,-,-,N/A,N/A,N/A,N/A,N/A,N/A,N/A,N/A,-,N/A,2018-05-31
ZMINE ICO,,N/A,N/A,N/A,N/A,N/A,N/A,N/A,N/A,N/A,-,LOW,LOW,-,-,N/A,N/A,N/A,N/A,N/A,N/A,-,-,-,N/A,2018-05-31
Cryptonod,CNOD,Waves,20,000,000 CNOD (50%),N/A,N/A,N/A,N/A,N/A,N/A,N/A,VERY LOW,VERY LOW,VERY LOW,-,-,2,Benchy,1.0,1,1.0,1.0,1.1,3.0,1.2,1.1,2018-01-10
Crowdstart Capital,XSC,N/A,N/A,N/A,N/A,N/A,N/A,N/A,N/A,N/A,-,-,-,-,-,N/A,Benchy,1.0,N/A,1.0,1.0,-,-,-,1.0,2018-03-31
IC3 Cubes,IC3,N/A,N/A,N/A,N/A,N/A,N/A,N/A,N/A,N/A,-,VERY LOW,VERY LOW,-,-,N/A,Benchy,1.0,N/A,1.1,1.0,1.2,2.1,0.8,1.2,2018-01-31
EstateX,,Ethereum,ERC20,N/A,N/A,N/A,N/A,N/A,N/A,N/A,-,-,-,-,-,1,Benchy,1.0,1,1.0,1.0,0.8,1.4,-,0.8,Mar, 2018
Sibirian Maral ICO,,N/A,N/A,N/A,N/A,N/A,N/A,N/A,N/A,N/A,-,-,-,-,-,N/A,N/A,N/A,N/A,N/A,N/A,N/A,N/A,-,N/A,2018-02-05
Unboxed,NBOX,Ethereum,ERC20,Lithuania,15000000 USD,1500000 USD,Unknown,N/A,N/A,N/A,VERY LOW,VERY HIGH,VERY HIGH,-,-,10,Benchy,4.4,10,4.4,4.6,4.3,9.6,-,4.3,2018-12-31
COINOLIX EXCHANGE,CLX,N/A,N/A,N/A,N/A,N/A,N/A,N/A,N/A,N/A,-,HIGH,HIGH,-,-,N/A,N/A,N/A,N/A,N/A,N/A,3.9,9.5,-,N/A,2018-10-23
Atlantis Blue Digital,ABDT,N/A,N/A,N/A,N/A,N/A,N/A,3500000000,5500000000,68%,VERY HIGH,VERY HIGH,VERY HIGH,-,-,N/A,N/A,N/A,N/A,N/A,N/A,2.4,6.5,-,N/A,2018-08-01
HighVibe Network,HV,N/A,N/A,N/A,28068301 USD,2500000 USD,N/A,N/A,N/A,N/A,-,VERY HIGH,VERY HIGH,VERY HIGH,-,N/A,Benchy,4.5,N/A,4.1,3.9,4.2,9.5,-,4.2,2018-09-08
WELL,WELL,N/A,N/A,N/A,28000000 USD,3000000 USD,15000000 USD,N/A,N/A,N/A,HIGH,LOW,LOW,-,LOW,N/A,Benchy,3.7,N/A,3.5,3.7,-,-,-,3.5,2018-06-30
Sentigraph,GRAPH,Ethereum,ERC20,Cayman Islands,N/A,N/A,N/A,N/A,N/A,N/A,VERY HIGH,-,-,-,LOW,8,N/A,N/A,10,N/A,N/A,4.1,2.1,-,N/A,2018-10-01
BetterBetting,BETR,N/A,N/A,N/A,30000000 USD,N/A,5500000 USD,N/A,3000000000,18%,VERY HIGH,MEDIUM,MEDIUM,-,LOW,N/A,Benchy,4.4,N/A,4.0,4.4,-,-,-,3.8,2018-01-15
Safekeet,SKT,Ethereum,ERC20,N/A,200,000,000,12,000,000,Unknown,N/A,N/A,N/A,MEDIUM,VERY LOW,VERY LOW,-,-,6,Benchy,4.4,8,4.2,4.1,3.5,7.0,3.9,3.5,2018-02-28
Blockvest,BLV,Ethereum,ERC20,USA,N/A,N/A,N/A,N/A,N/A,N/A,-,-,-,-,LOW,5,N/A,N/A,10,N/A,N/A,N/A,N/A,-,N/A,2018-11-01
Gameflip,FLP,N/A,N/A,N/A,12000 ETH,6500 ETH,15000000 USD,N/A,1500000,36%,VERY HIGH,VERY HIGH,VERY HIGH,-,LOW,N/A,Benchy,3.5,N/A,3.1,3.1,-,-,-,3.3,2018-01-29
Native Video Box,NVB,N/A,N/A,N/A,15000000 USD,N/A,9800000 USD,1500000000,300000000,43%,HIGH,VERY LOW,VERY LOW,-,VERY LOW,N/A,Benchy,4.4,N/A,4.2,4.2,4.1,7.0,4.0,4.1,2018-04-20
ShipChain（SHIP）,SHIP,N/A,N/A,N/A,N/A,N/A,N/A,N/A,N/A,100%,VERY HIGH,VERY HIGH,VERY HIGH,-,MEDIUM,N/A,N/A,N/A,N/A,N/A,N/A,-,-,-,N/A,Jan, 2018
Realista,RET,N/A,N/A,N/A,N/A,N/A,N/A,N/A,1500000000,N/A,VERY HIGH,-,-,-,VERY LOW,N/A,N/A,N/A,N/A,N/A,N/A,3.7,9.3,3.5,N/A,Apr, 2018
MedCredits Token Sale,MEDX,N/A,N/A,N/A,N/A,N/A,N/A,N/A,N/A,N/A,VERY HIGH,VERY LOW,VERY LOW,-,VERY LOW,N/A,N/A,N/A,N/A,N/A,N/A,3.1,4.8,3.9,N/A,2018-04-15
Bitmart (PreICO),,N/A,N/A,N/A,N/A,N/A,N/A,N/A,N/A,100%,-,VERY HIGH,VERY HIGH,-,VERY HIGH,N/A,N/A,N/A,N/A,N/A,N/A,-,-,-,N/A,2018-01-15
Gron Digital ICO,GRO,N/A,N/A,N/A,N/A,N/A,N/A,N/A,N/A,100%,VERY HIGH,LOW,LOW,-,-,N/A,N/A,N/A,N/A,N/A,N/A,3.5,7.2,-,N/A,2018-04-25
IZUBR,IZR,N/A,N/A,N/A,N/A,N/A,N/A,N/A,N/A,N/A,VERY LOW,VERY LOW,VERY LOW,-,-,N/A,N/A,N/A,N/A,N/A,N/A,N/A,N/A,-,N/A,2018-09-07
EscapeToken,ESCP,Ethereum,35,000,000 ESCP (75%),Andorra,1500000 USD,200000 USD,N/A,N/A,N/A,N/A,MEDIUM,VERY LOW,VERY LOW,-,VERY LOW,5,Benchy,N/A,9,N/A,N/A,2.6,6.2,3.0,2.6,2018-05-18
Jincor,JCR,Ethereum,ERC20,Cyprus,26600000 USD,2500000 USD,Unknown,2660000000,250000000,N/A,MEDIUM,LOW,LOW,-,VERY LOW,7,Benchy,4.3,10,3.9,4.1,3.5,7.9,3.6,3.5,2018-01-31
Staps Platform,STB,N/A,N/A,N/A,17500000 USD,1000000 USD,N/A,N/A,N/A,N/A,LOW,VERY LOW,VERY LOW,-,VERY LOW,N/A,Benchy,N/A,N/A,N/A,N/A,3.0,5.4,3.9,3.0,2018-03-18
BlitzPick,XBP,N/A,N/A,N/A,N/A,N/A,N/A,N/A,600000000,72%,-,MEDIUM,MEDIUM,-,LOW,N/A,N/A,N/A,N/A,N/A,N/A,-,-,-,N/A,2018-02-22
BioCoin,BIO,N/A,N/A,N/A,N/A,N/A,N/A,N/A,N/A,N/A,VERY HIGH,LOW,LOW,-,VERY LOW,N/A,N/A,N/A,N/A,N/A,N/A,-,-,-,N/A,2018-02-18
XWin CryptoBet,XWIN,N/A,N/A,N/A,N/A,N/A,3535787 USD,N/A,N/A,100%,HIGH,VERY LOW,VERY LOW,-,-,N/A,Benchy,4.4,N/A,4.0,4.4,3.2,5.4,4.0,3.2,2018-01-30
HireMatch,HIRE,Ethereum,ERC20,USA,N/A,N/A,N/A,N/A,N/A,100%,MEDIUM,LOW,LOW,-,-,6,N/A,N/A,10,N/A,N/A,-,-,-,N/A,2018-02-15
KeepPet ICO,PET,N/A,N/A,N/A,N/A,N/A,N/A,N/A,N/A,N/A,-,VERY LOW,VERY LOW,-,-,N/A,N/A,N/A,N/A,N/A,N/A,2.9,3.8,3.2,N/A,2018-01-15
AFRICUNIA BANK,AFCASH,N/A,N/A,N/A,N/A,N/A,N/A,5000000000,10000000000,0%,-,LOW,LOW,-,HIGH,N/A,N/A,N/A,N/A,N/A,N/A,-,-,-,N/A,2018-05-31
BlockRx,BKRX,N/A,N/A,USA,N/A,N/A,Unknown,N/A,N/A,N/A,-,VERY LOW,VERY LOW,-,-,6,Benchy,3.0,10,4.0,4.0,2.9,6.5,3.6,2.9,2018-01-31
Acomobase (PreICO),ACO,N/A,N/A,N/A,N/A,N/A,N/A,N/A,N/A,N/A,-,VERY LOW,VERY LOW,-,-,N/A,N/A,N/A,N/A,N/A,N/A,3.3,7.7,3.6,N/A,2018-02-28
Vinnd.io ICO,VIN,N/A,N/A,N/A,N/A,N/A,N/A,N/A,N/A,N/A,-,-,-,-,-,N/A,N/A,N/A,N/A,N/A,N/A,3.0,6.9,3.1,N/A,2018-02-18
Acomobase (PreICO),ACO,N/A,N/A,N/A,N/A,N/A,N/A,N/A,N/A,N/A,-,VERY LOW,VERY LOW,-,-,N/A,N/A,N/A,N/A,N/A,N/A,3.3,7.7,3.6,N/A,2018-02-28
AstorGame ICO,ASTOR,N/A,N/A,N/A,N/A,N/A,N/A,N/A,N/A,N/A,MEDIUM,LOW,LOW,-,VERY LOW,N/A,N/A,N/A,N/A,N/A,N/A,-,-,-,N/A,2018-03-29
Krios ICO,KRI,N/A,N/A,N/A,N/A,N/A,N/A,N/A,N/A,N/A,MEDIUM,LOW,LOW,-,VERY LOW,N/A,N/A,N/A,N/A,N/A,N/A,2.7,7.3,3.7,N/A,2018-05-15
Global Metrology Project,GMP,N/A,N/A,N/A,N/A,N/A,N/A,N/A,N/A,N/A,VERY HIGH,VERY LOW,VERY LOW,-,VERY LOW,N/A,N/A,N/A,N/A,N/A,N/A,2.8,4.0,2.8,N/A,2018-06-04
Coinplace ICO,CPL,N/A,N/A,N/A,N/A,N/A,N/A,N/A,N/A,N/A,HIGH,LOW,LOW,-,VERY LOW,N/A,N/A,N/A,N/A,N/A,N/A,3.4,7.9,3.1,N/A,2018-02-28
Luven Diagnostic,LVN,N/A,N/A,N/A,N/A,N/A,Unknown,N/A,N/A,100%,LOW,LOW,LOW,-,VERY LOW,N/A,Benchy,3.0,N/A,2.7,2.7,2.6,5.6,3.0,2.6,2018-02-28
SRCoin ICO,,N/A,N/A,N/A,N/A,N/A,N/A,N/A,N/A,N/A,VERY LOW,LOW,LOW,-,-,N/A,N/A,N/A,N/A,N/A,N/A,-,-,-,N/A,2018-03-31
Pressco,,Ethereum,ERC20,Lithuania,7000 ETH,3500 ETH,N/A,700000,350000,N/A,-,VERY LOW,VERY LOW,-,-,6,Benchy,5.0,10,5.0,5.0,2.4,6.9,3.3,2.4,2018-03-31
IHT I-house token,IHT,N/A,N/A,N/A,N/A,N/A,N/A,N/A,N/A,N/A,-,MEDIUM,MEDIUM,-,MEDIUM,N/A,N/A,N/A,N/A,N/A,N/A,-,-,-,N/A,2018-02-01
SmartCity ICO,,N/A,N/A,N/A,N/A,N/A,N/A,N/A,N/A,N/A,-,-,-,-,VERY LOW,N/A,N/A,N/A,N/A,N/A,N/A,2.7,6.3,2.8,N/A,2018-02-28
Digitex Futures ICO,DGTX,N/A,N/A,N/A,N/A,N/A,N/A,N/A,700000000,N/A,-,-,-,-,-,N/A,N/A,N/A,N/A,N/A,N/A,-,-,-,N/A,2018-02-15
MiCars ICO,MCR,N/A,N/A,N/A,N/A,N/A,N/A,N/A,N/A,N/A,VERY LOW,VERY LOW,VERY LOW,-,-,N/A,N/A,N/A,N/A,N/A,N/A,2.7,4.6,2.8,N/A,2018-01-05
AiBB ICO,AIBB,N/A,N/A,N/A,N/A,N/A,N/A,N/A,N/A,N/A,-,-,-,-,VERY LOW,N/A,N/A,N/A,N/A,N/A,N/A,3.6,6.7,1.9,N/A,2018-03-01
MiCars ICO,MCR,N/A,N/A,N/A,N/A,N/A,N/A,N/A,N/A,N/A,VERY LOW,VERY LOW,VERY LOW,-,-,N/A,N/A,N/A,N/A,N/A,N/A,2.7,4.6,2.8,N/A,2018-01-05
Peerity Crowdfund,PEER,N/A,N/A,N/A,N/A,N/A,N/A,N/A,N/A,N/A,MEDIUM,LOW,LOW,-,-,N/A,N/A,N/A,N/A,N/A,N/A,2.6,7.2,3.3,N/A,2018-02-28
Doft,DFC,Ethereum,ERC20,USA,50,000,000,N/A,N/A,N/A,5000000000,0%,MEDIUM,-,-,-,-,6,Benchy,3.0,10,4.0,4.0,2.7,7.0,3.4,2.7,2018-02-01
Handelion ICO,HDLT,N/A,N/A,N/A,N/A,N/A,N/A,N/A,225000000,6168%,VERY LOW,-,-,-,-,N/A,N/A,N/A,N/A,N/A,N/A,2.8,6.9,3.2,N/A,2018-03-31
Qilin.Market,QILIN,N/A,N/A,N/A,N/A,N/A,Unknown,N/A,N/A,N/A,-,-,-,-,-,N/A,Benchy,N/A,N/A,N/A,N/A,2.6,5.9,2.3,2.6,2018-02-12
YohoCube,YOHO,Ethereum,ERC20,Russia,150,000,000,N/A,N/A,N/A,N/A,N/A,-,-,-,-,-,6,Benchy,N/A,1,N/A,N/A,2.7,4.9,2.8,2.7,2018-04-17
KahnChat ICO,KCH,N/A,N/A,N/A,N/A,N/A,N/A,N/A,N/A,N/A,LOW,MEDIUM,MEDIUM,-,-,N/A,N/A,N/A,N/A,N/A,N/A,2.7,7.1,3.5,N/A,2018-02-28
Bitone Network,,N/A,N/A,N/A,18000000 USD,N/A,Unknown,N/A,N/A,N/A,VERY LOW,-,-,-,VERY LOW,N/A,Benchy,N/A,N/A,N/A,N/A,2.9,6.8,-,2.9,2018-11-30
Moon Funding,,N/A,N/A,N/A,N/A,N/A,N/A,N/A,N/A,N/A,MEDIUM,VERY LOW,VERY LOW,-,VERY LOW,N/A,N/A,N/A,N/A,N/A,N/A,N/A,6.5,-,N/A,2018-05-31
AntiqMall ICO,AMT,N/A,N/A,N/A,N/A,N/A,N/A,N/A,N/A,N/A,-,VERY LOW,VERY LOW,-,-,N/A,N/A,N/A,N/A,N/A,N/A,2.8,5.7,2.8,N/A,2018-04-15
DenCity ICO [FROZEN],DNX,N/A,N/A,N/A,N/A,N/A,N/A,N/A,N/A,N/A,VERY LOW,LOW,LOW,-,VERY LOW,N/A,N/A,N/A,N/A,N/A,N/A,2.4,8.1,3.1,N/A,2018-02-23
CryptoBnB,CKEY,N/A,N/A,N/A,N/A,N/A,N/A,150000000,1500000000,N/A,VERY HIGH,LOW,LOW,-,-,N/A,N/A,N/A,N/A,N/A,N/A,3.3,7.4,3.0,N/A,2018-05-24
TradeBit (TBT),,N/A,N/A,N/A,N/A,N/A,N/A,N/A,N/A,N/A,LOW,-,-,-,-,N/A,N/A,N/A,N/A,N/A,N/A,2.4,5.7,3.2,N/A,2018-03-19
COR utility token sale,,N/A,N/A,N/A,N/A,N/A,N/A,N/A,N/A,N/A,-,VERY LOW,VERY LOW,-,-,N/A,N/A,N/A,N/A,N/A,N/A,2.7,4.0,2.5,N/A,Jan, 2018
Block Array,ARY,N/A,N/A,N/A,N/A,N/A,N/A,770000000,350000000,187%,MEDIUM,-,-,-,VERY LOW,N/A,N/A,N/A,N/A,N/A,N/A,-,-,-,N/A,2018-01-14
TrueDonate,TDN,Ethereum,200,000,000 TDN (75%),Russia,N/A,N/A,Unknown,N/A,N/A,N/A,-,VERY LOW,VERY LOW,-,VERY LOW,6,Benchy,3.0,1,2.0,2.0,2.7,4.9,2.4,2.7,2018-01-15
Scavenger Hunt Token,SHT1,N/A,N/A,N/A,N/A,N/A,N/A,N/A,N/A,N/A,VERY LOW,-,-,-,VERY LOW,N/A,N/A,N/A,N/A,N/A,N/A,N/A,N/A,-,N/A,2018-06-01
STeX Exchange,STE,N/A,N/A,N/A,N/A,N/A,N/A,100000000,2500000000,18%,MEDIUM,-,-,-,-,N/A,N/A,N/A,N/A,N/A,N/A,2.3,7.7,3.7,N/A,2018-06-30
Unity ICO,UNT,N/A,N/A,N/A,N/A,N/A,N/A,N/A,N/A,N/A,-,-,-,-,-,N/A,N/A,N/A,N/A,N/A,N/A,2.3,5.0,2.4,N/A,2018-03-31
Vesa Token ICO,VSA,N/A,N/A,N/A,N/A,N/A,N/A,N/A,N/A,N/A,VERY HIGH,-,-,-,VERY LOW,N/A,N/A,N/A,N/A,N/A,N/A,2.3,6.1,3.3,N/A,2018-05-31
Bottos ICO,,N/A,N/A,N/A,N/A,N/A,N/A,N/A,N/A,N/A,VERY LOW,-,-,-,VERY LOW,N/A,N/A,N/A,N/A,N/A,N/A,-,-,-,N/A,2018-01-31
Riptide Coin,RIPT,N/A,N/A,N/A,66056683 USD,N/A,5980 USD,N/A,N/A,N/A,-,MEDIUM,MEDIUM,-,VERY LOW,N/A,Benchy,N/A,N/A,N/A,N/A,-,-,-,2.8,2018-06-03
ABT Decentralised Web Services - ICO,ABT,N/A,N/A,N/A,N/A,N/A,N/A,N/A,N/A,N/A,VERY LOW,-,-,-,-,N/A,N/A,N/A,N/A,N/A,N/A,2.9,5.5,-,N/A,2018-01-31
Stockchain Global,,N/A,N/A,N/A,N/A,N/A,N/A,N/A,500000000,N/A,-,-,-,-,-,N/A,N/A,N/A,N/A,N/A,N/A,N/A,N/A,-,N/A,2018-02-28
Crassula,CRAT,N/A,N/A,N/A,N/A,N/A,N/A,N/A,N/A,N/A,-,VERY LOW,VERY LOW,-,-,N/A,N/A,N/A,N/A,N/A,N/A,3.1,N/A,-,N/A,2018-02-01
Craftmade ICO,CRAFTT,N/A,N/A,N/A,N/A,N/A,N/A,N/A,N/A,N/A,VERY HIGH,VERY LOW,VERY LOW,-,-,N/A,N/A,N/A,N/A,N/A,N/A,N/A,N/A,-,N/A,2018-01-30
Craftmade ICO,CRAFTT,N/A,N/A,N/A,N/A,N/A,N/A,N/A,N/A,N/A,VERY HIGH,VERY LOW,VERY LOW,-,-,N/A,N/A,N/A,N/A,N/A,N/A,N/A,N/A,-,N/A,2018-01-30
Cryder,,Ethereum,ERC 20,Latvia,N/A,N/A,553075958000000 ETH,N/A,555500,N/A,LOW,VERY LOW,VERY LOW,-,VERY LOW,5,Benchy,N/A,1,N/A,N/A,2.3,4.7,2.2,2.3,2018-02-20
Elige.re,ELG,N/A,N/A,N/A,N/A,N/A,N/A,N/A,N/A,N/A,HIGH,VERY LOW,VERY LOW,-,VERY LOW,N/A,Benchy,2.7,N/A,2.7,3.0,2.8,5.5,2.6,2.8,2018-03-30
Local World Forwarders,LWF,N/A,N/A,N/A,2,000 BTC,300000 USD,4700952 USD,N/A,N/A,N/A,VERY HIGH,VERY LOW,VERY LOW,-,VERY LOW,N/A,Benchy,2.6,N/A,2.5,2.6,-,-,-,2.5,2018-02-23
Vaultbank,VB,N/A,N/A,USA,N/A,N/A,N/A,N/A,N/A,N/A,-,-,-,-,-,7,N/A,N/A,9,N/A,N/A,2.7,7.0,3.8,N/A,2018-02-18
Monartis,MNT,Ethereum,ERC20,UK,700,000,000,N/A,N/A,N/A,N/A,N/A,VERY HIGH,LOW,LOW,-,-,6,Benchy,N/A,7,N/A,N/A,2.6,6.4,2.4,2.6,2018-01-21
Witcoin,WIT,Ethereum,ERC20,N/A,8,000,000,1,000,000,Unknown,N/A,N/A,N/A,MEDIUM,VERY LOW,VERY LOW,-,-,4,Benchy,N/A,1,N/A,N/A,2.4,4.0,-,2.4,2018-11-15
Memessenger ICO,,Waves,4,900,000 MET (49%),Russia,N/A,N/A,N/A,N/A,N/A,100%,-,VERY LOW,VERY LOW,-,VERY LOW,4,N/A,N/A,1,N/A,N/A,2.2,3.9,3.0,N/A,Apr, 2018
Pryze,PRYZ,Ethereum,ERC20,USA,N/A,N/A,Unknown,N/A,1000000000,N/A,-,VERY LOW,VERY LOW,-,-,7,Benchy,N/A,1,N/A,N/A,2.3,4.9,4.5,2.3,2018-01-30
Beep,BEEP,N/A,N/A,N/A,N/A,N/A,N/A,N/A,N/A,N/A,-,-,-,-,-,N/A,N/A,N/A,N/A,N/A,N/A,2.8,4.5,3.4,N/A,2018-09-20
Beep,BEEP,N/A,N/A,N/A,N/A,N/A,N/A,N/A,N/A,N/A,-,-,-,-,-,N/A,N/A,N/A,N/A,N/A,N/A,2.8,4.5,3.4,N/A,2018-09-20
SnagRide（MILE）,MILE,N/A,N/A,N/A,N/A,N/A,N/A,N/A,N/A,N/A,VERY LOW,VERY LOW,VERY LOW,-,-,N/A,N/A,N/A,N/A,N/A,N/A,2.2,4.2,2.3,N/A,2018-02-07
Florio,,N/A,N/A,N/A,N/A,N/A,N/A,N/A,N/A,N/A,-,VERY LOW,VERY LOW,-,-,N/A,N/A,N/A,N/A,N/A,N/A,N/A,N/A,-,N/A,2018-01-08
BitCoen,BEN,N/A,N/A,N/A,N/A,N/A,2504103 USD,N/A,N/A,N/A,-,-,-,-,-,N/A,Benchy,N/A,N/A,N/A,N/A,-,-,-,2.7,2018-01-09
Galactikka,GALA,Ethereum,ERC20,Russia,N/A,N/A,N/A,16500000,875000,0%,LOW,-,-,-,-,4,N/A,N/A,1,N/A,N/A,2.3,4.7,2.4,N/A,2018-03-01
eco-NAN,ECO-NAN,Waves,50,000,000 eco-NAN,N/A,50,000,000,N/A,Unknown,N/A,N/A,N/A,-,VERY LOW,VERY LOW,-,-,1,Benchy,N/A,8,N/A,N/A,2.3,3.8,1.9,2.3,2018-01-24
Aston,ATC,N/A,N/A,N/A,N/A,N/A,Unknown,N/A,N/A,N/A,-,VERY LOW,VERY LOW,-,-,N/A,Benchy,N/A,N/A,N/A,N/A,-,-,-,2.4,2018-02-04
RoyalCash,,N/A,N/A,N/A,N/A,N/A,N/A,N/A,N/A,N/A,VERY LOW,-,-,-,-,N/A,N/A,N/A,N/A,N/A,N/A,N/A,N/A,-,N/A,2018-02-13
Securosys,,Ethereum,ERC20,Switzerland,16,250,000 CHF,5,000,000 CHF,Unknown,N/A,N/A,N/A,-,VERY LOW,VERY LOW,-,-,3,Benchy,2.0,10,2.0,2.0,2.2,5.8,-,2.2,2018-11-30
YouTweak,YTI,N/A,N/A,N/A,N/A,N/A,N/A,500000000,30000000,N/A,VERY LOW,VERY LOW,VERY LOW,-,-,N/A,N/A,N/A,N/A,N/A,N/A,N/A,N/A,-,N/A,2018-03-01
StrikeCoin by Dimensions Network,,N/A,N/A,N/A,N/A,N/A,N/A,30000000,15000000,N/A,HIGH,-,-,-,-,N/A,N/A,N/A,N/A,N/A,N/A,1.4,N/A,1.7,N/A,2018-02-24
Epsilon,EPS,Ethereum,ERC20,N/A,21000 ETH,N/A,N/A,N/A,N/A,N/A,VERY HIGH,VERY LOW,VERY LOW,-,-,3,Benchy,N/A,10,N/A,N/A,-,-,-,2.4,2018-01-12
Real Estate Token,HCT,N/A,N/A,N/A,N/A,N/A,N/A,N/A,N/A,N/A,-,VERY LOW,VERY LOW,-,-,N/A,N/A,N/A,N/A,N/A,N/A,2.1,4.8,2.2,N/A,Jun, 2018
WindMiner ecoToken ICO,,N/A,N/A,N/A,N/A,N/A,N/A,N/A,N/A,N/A,-,VERY LOW,VERY LOW,-,VERY LOW,N/A,N/A,N/A,N/A,N/A,N/A,N/A,N/A,-,N/A,2018-02-27
RANK ICO,RANK,N/A,N/A,N/A,N/A,N/A,N/A,N/A,N/A,N/A,-,-,-,-,-,N/A,N/A,N/A,N/A,N/A,N/A,1.3,4.1,2.2,N/A,2018-03-15
WHA Project,WHA,N/A,N/A,N/A,57400000 USD,N/A,N/A,N/A,N/A,N/A,-,-,-,-,-,N/A,Benchy,3.0,N/A,3.0,4.0,2.6,3.6,2.7,2.5,2018-07-02
BANER,,N/A,N/A,N/A,N/A,N/A,N/A,N/A,2000000000,N/A,VERY HIGH,-,-,-,-,N/A,N/A,N/A,N/A,N/A,N/A,N/A,N/A,-,N/A,2018-06-25
GoldMineCoin,,Ethereum,ERC-20,Russia,N/A,N/A,Unknown,N/A,N/A,N/A,MEDIUM,VERY LOW,VERY LOW,-,VERY LOW,1,Benchy,N/A,2,N/A,N/A,3.0,4.0,-,3.0,2018-01-01
Lineage Network,LINE,N/A,N/A,N/A,500 ETH,N/A,Unknown,N/A,N/A,N/A,VERY LOW,-,-,-,-,N/A,Benchy,N/A,N/A,N/A,N/A,2.3,2.6,2.0,2.3,2018-01-07
E-veksel,EVR,N/A,N/A,N/A,N/A,N/A,N/A,N/A,500000000,N/A,MEDIUM,VERY LOW,VERY LOW,-,-,N/A,N/A,N/A,N/A,N/A,N/A,N/A,N/A,-,N/A,2018-04-01
ATMT,ATMT,Ethereum,ERC20,Sweden,N/A,N/A,N/A,N/A,N/A,N/A,-,-,-,-,VERY LOW,7,N/A,N/A,7,N/A,N/A,2.2,6.8,2.4,N/A,2018-02-28
Moentum Token,MOM,N/A,N/A,N/A,N/A,N/A,Unknown,N/A,N/A,N/A,-,-,-,-,-,N/A,Benchy,2.0,N/A,2.0,2.0,2.1,3.6,2.1,2.1,2018-06-30
House Coupon Token,,N/A,N/A,N/A,N/A,N/A,Unknown,N/A,N/A,N/A,VERY LOW,VERY LOW,VERY LOW,-,-,N/A,Benchy,N/A,N/A,N/A,N/A,2.0,5.1,-,2.0,2018-03-18
Payfrit RMS,PYT,N/A,N/A,N/A,10000000 USD,2500000 USD,Unknown,N/A,N/A,N/A,-,-,-,-,-,N/A,Benchy,1.2,N/A,1.0,1.7,2.2,6.1,2.0,2.2,2018-02-08
Powervest ICO,PWT1,N/A,N/A,N/A,N/A,N/A,N/A,3000000001,1000000001,N/A,-,-,-,-,-,N/A,N/A,N/A,N/A,N/A,N/A,N/A,N/A,-,N/A,2018-03-01
MDCN,MDCN,Ethereum,ERC20,UK,N/A,N/A,Unknown,2500000000,1000000000,N/A,-,-,-,-,-,1,Benchy,N/A,1,N/A,N/A,1.5,2.4,1.5,1.5,2018-02-28
Rothscoin,RTC,Ethereum,ERC20,USA,N/A,N/A,Unknown,N/A,N/A,N/A,-,VERY LOW,VERY LOW,-,-,2,Benchy,N/A,1,N/A,N/A,2.1,3.2,2.3,2.1,2018-01-28
Brisk Pass,BSK,N/A,N/A,N/A,N/A,N/A,Unknown,N/A,N/A,N/A,VERY LOW,-,-,-,VERY LOW,N/A,Benchy,N/A,N/A,N/A,N/A,1.7,4.7,1.7,1.7,2018-01-11
[NSFW] Nocta,NOCTA,N/A,N/A,N/A,N/A,N/A,N/A,N/A,1774400,0%,HIGH,VERY LOW,VERY LOW,-,-,N/A,N/A,N/A,N/A,N/A,N/A,1.7,3.9,2.4,N/A,2018-03-01
ARC Reserve Currency,ARCC,N/A,N/A,N/A,N/A,N/A,Unknown,N/A,N/A,N/A,VERY LOW,-,-,-,-,N/A,Benchy,N/A,N/A,N/A,N/A,2.1,5.3,2.5,2.1,2018-01-14
StoneToken,STTN,N/A,N/A,N/A,N/A,N/A,N/A,200000000,700000000,N/A,HIGH,LOW,LOW,-,VERY LOW,N/A,N/A,N/A,N/A,N/A,N/A,N/A,N/A,-,N/A,2018-07-08
DigiIndiaCoin,DTI,N/A,N/A,N/A,N/A,N/A,N/A,N/A,N/A,N/A,-,VERY LOW,VERY LOW,-,VERY LOW,N/A,N/A,N/A,N/A,N/A,N/A,N/A,N/A,-,N/A,2018-01-26
ENET Network ICO,,N/A,N/A,N/A,N/A,N/A,N/A,N/A,N/A,N/A,-,VERY LOW,VERY LOW,-,-,N/A,N/A,N/A,N/A,N/A,N/A,2.1,4.0,2.2,N/A,2018-02-28
Whizz Coin,WHZ,N/A,N/A,N/A,N/A,N/A,N/A,N/A,2970000000,N/A,LOW,VERY LOW,VERY LOW,-,-,N/A,Benchy,N/A,N/A,N/A,N/A,1.8,3.3,1.9,1.8,2018-01-02
Health Monitor,,N/A,N/A,N/A,N/A,N/A,562680 USD,N/A,N/A,100%,VERY HIGH,MEDIUM,MEDIUM,-,-,N/A,Benchy,3.0,N/A,1.0,1.0,2.2,5.6,2.1,2.2,2018-01-31
Whizz Coin,WHZ,N/A,N/A,N/A,N/A,N/A,N/A,N/A,2970000000,N/A,LOW,VERY LOW,VERY LOW,-,-,N/A,Benchy,N/A,N/A,N/A,N/A,1.8,3.3,1.9,1.8,2018-01-02
Cryptoibet ICO,IBET,N/A,N/A,N/A,N/A,N/A,N/A,1850000,1150000,N/A,-,VERY LOW,VERY LOW,-,-,N/A,N/A,N/A,N/A,N/A,N/A,N/A,N/A,-,N/A,2018-01-15
Chatello ICO,CHA,N/A,N/A,N/A,N/A,N/A,N/A,1000000000,1000000000,N/A,VERY HIGH,-,-,-,-,N/A,N/A,N/A,N/A,N/A,N/A,2.1,6.0,1.8,N/A,2018-02-15
Sisu token,SISI,N/A,N/A,N/A,N/A,N/A,N/A,500000000,250000000,N/A,-,-,-,-,-,N/A,N/A,N/A,N/A,N/A,N/A,N/A,N/A,-,N/A,2018-02-28
ArtCoin,ACF,N/A,N/A,N/A,100000000 USD,5000000 USD,N/A,N/A,N/A,N/A,VERY LOW,-,-,-,VERY LOW,N/A,Benchy,2.0,N/A,2.0,4.0,N/A,5.6,-,3.3,2018-01-31
ZFX Token ICO,ZFX,N/A,N/A,N/A,N/A,N/A,N/A,N/A,N/A,100%,LOW,MEDIUM,MEDIUM,-,-,N/A,N/A,N/A,N/A,N/A,N/A,N/A,N/A,-,N/A,2018-02-28
ICURY,ICURY,Ethereum,ERC20,Netherlands,5,000,000,000,50,000,000,N/A,N/A,N/A,N/A,-,HIGH,HIGH,-,VERY LOW,8,Benchy,N/A,10,N/A,N/A,2.2,7.6,2.5,2.2,2018-02-28
Lytictail,LYT,IOTA,N/A,USA,N/A,N/A,Unknown,N/A,N/A,N/A,-,VERY LOW,VERY LOW,-,-,1,Benchy,1.0,1,1.1,1.7,1.4,2.4,1.4,1.4,2018-03-01
CoffeeCoin,CFC,N/A,N/A,N/A,N/A,N/A,N/A,N/A,N/A,N/A,LOW,LOW,LOW,-,VERY LOW,N/A,N/A,N/A,N/A,N/A,N/A,-,-,-,N/A,2018-01-24
Gift Token,GIFT,N/A,N/A,N/A,26127734 USD,6399988 USD,Unknown,N/A,N/A,N/A,-,LOW,LOW,-,-,N/A,Benchy,N/A,N/A,N/A,N/A,1.5,4.0,2.0,1.5,2018-01-10
LBRY,LBC,N/A,N/A,N/A,N/A,N/A,N/A,N/A,N/A,N/A,-,LOW,LOW,-,-,N/A,N/A,N/A,N/A,N/A,N/A,-,-,-,N/A,Apr, 2018
ReB Project ICO,REB,N/A,N/A,N/A,N/A,N/A,N/A,N/A,4000000,N/A,-,VERY LOW,VERY LOW,-,-,N/A,N/A,N/A,N/A,N/A,N/A,N/A,N/A,-,N/A,2018-01-01
Gene Blockchain ICO,,N/A,N/A,N/A,N/A,N/A,N/A,N/A,N/A,N/A,-,VERY LOW,VERY LOW,-,-,N/A,N/A,N/A,N/A,N/A,N/A,N/A,N/A,-,N/A,2018-03-17
Urother,,N/A,N/A,N/A,N/A,N/A,N/A,N/A,N/A,N/A,LOW,VERY LOW,VERY LOW,-,-,N/A,N/A,N/A,N/A,N/A,N/A,N/A,N/A,-,N/A,2018-03-07
White Crypto City,CERTIFICATE,N/A,N/A,N/A,500,000 EUR,N/A,Unknown,N/A,N/A,N/A,-,-,-,-,-,N/A,Benchy,1.2,N/A,1.2,1.3,1.4,2.6,2.0,1.4,2018-02-02
Mainasset,MAS,N/A,N/A,N/A,N/A,N/A,N/A,N/A,500000000,N/A,-,-,-,-,VERY LOW,N/A,N/A,N/A,N/A,N/A,N/A,N/A,N/A,-,N/A,2018-01-31
PoSW Coin,POSW,N/A,N/A,N/A,N/A,N/A,N/A,N/A,N/A,N/A,-,-,-,-,VERY LOW,N/A,N/A,N/A,N/A,N/A,N/A,-,-,-,N/A,Jan, 2018
Vectorspace,VEC,Ethereum,ERC20,Japan,N/A,N/A,N/A,N/A,N/A,N/A,-,-,-,-,MEDIUM,8,Benchy,1.0,5.4,1.0,1.0,-,-,-,0.7,2018-03-23
Mining Solutions ICO,,N/A,N/A,N/A,N/A,N/A,N/A,N/A,N/A,N/A,VERY HIGH,VERY LOW,VERY LOW,-,VERY LOW,N/A,N/A,N/A,N/A,N/A,N/A,N/A,N/A,-,N/A,2018-01-25
Trevi Token,TT,N/A,N/A,N/A,4000000 USD,N/A,501000 USD,N/A,N/A,N/A,-,VERY LOW,VERY LOW,-,-,N/A,Benchy,1.0,N/A,1.2,1.2,1.3,5.1,1.8,1.3,2018-05-01
MRAToken,MRAT,Ethereum,N/A,USA,N/A,N/A,Unknown,N/A,N/A,N/A,-,VERY LOW,VERY LOW,-,-,1,Benchy,N/A,10,N/A,N/A,1.6,3.9,1.4,1.6,2018-02-15
CharityProject ICO,CRY,N/A,N/A,N/A,N/A,N/A,N/A,N/A,N/A,N/A,-,-,-,-,-,N/A,N/A,N/A,N/A,N/A,N/A,N/A,N/A,-,N/A,2018-01-31
SOLAREUM,SLRM,N/A,N/A,N/A,N/A,N/A,N/A,N/A,N/A,N/A,-,-,-,-,-,N/A,N/A,N/A,N/A,N/A,N/A,-,-,-,N/A,2018-01-10
Volk ICO,,N/A,N/A,N/A,N/A,N/A,N/A,N/A,N/A,N/A,VERY LOW,VERY LOW,VERY LOW,-,-,N/A,N/A,N/A,N/A,N/A,N/A,N/A,N/A,-,N/A,2018-01-31
IBCoin,,N/A,N/A,N/A,N/A,N/A,N/A,N/A,N/A,N/A,-,-,-,-,-,N/A,N/A,N/A,N/A,N/A,N/A,N/A,N/A,-,N/A,2018-12-01
Moldcoin,MLD,N/A,N/A,N/A,N/A,N/A,N/A,N/A,250000000000,0%,HIGH,-,-,-,-,N/A,N/A,N/A,N/A,N/A,N/A,N/A,N/A,-,N/A,2018-01-09
Tibyk,TIBYK,N/A,N/A,N/A,N/A,N/A,N/A,N/A,N/A,N/A,VERY LOW,LOW,LOW,-,-,N/A,N/A,N/A,N/A,N/A,N/A,N/A,N/A,-,N/A,2018-02-28
Datocoin ICO,DTCN,N/A,N/A,N/A,N/A,N/A,N/A,N/A,N/A,N/A,LOW,LOW,LOW,-,-,N/A,N/A,N/A,N/A,N/A,N/A,N/A,N/A,-,N/A,2018-04-07
Bitfinite,BFC,N/A,N/A,Turkey,N/A,N/A,Unknown,N/A,N/A,N/A,-,LOW,LOW,-,-,10,Benchy,1.0,1,1.0,1.0,1.1,5.3,1.1,1.1,2018-01-17
BiafraCoin ICO (BFC),BFC,N/A,N/A,N/A,N/A,N/A,N/A,N/A,N/A,N/A,-,VERY LOW,VERY LOW,-,-,N/A,N/A,N/A,N/A,N/A,N/A,N/A,N/A,-,N/A,2018-01-31
Scoin,7SNC,N/A,N/A,N/A,N/A,N/A,N/A,N/A,N/A,N/A,-,-,-,-,-,N/A,N/A,N/A,N/A,N/A,N/A,1.3,N/A,-,N/A,2018-01-21
CryptoChip,CRC,N/A,N/A,UK,N/A,N/A,Unknown,N/A,N/A,N/A,-,VERY LOW,VERY LOW,-,-,3,Benchy,1.0,10,1.0,1.0,1.0,4.4,1.0,1.0,2018-02-27
Bankcoin,BANKCOIN,N/A,N/A,N/A,N/A,N/A,1000000 USD,N/A,N/A,N/A,-,LOW,LOW,-,-,N/A,Benchy,1.0,N/A,1.0,1.0,-,-,-,1.6,2018-01-07
URCOINS.BIZ,URCB,N/A,N/A,N/A,N/A,N/A,N/A,N/A,N/A,N/A,-,-,-,-,-,N/A,N/A,N/A,N/A,N/A,N/A,N/A,N/A,-,N/A,2018-01-17
DVLP Coin,,N/A,N/A,N/A,N/A,N/A,N/A,N/A,N/A,N/A,VERY LOW,-,-,-,-,N/A,N/A,N/A,N/A,N/A,N/A,N/A,N/A,-,N/A,2018-01-21
altOWL,AOWL,Ethereum,ERC20,UK,14000 ETH,N/A,Unknown,N/A,N/A,N/A,VERY HIGH,-,-,-,-,1,Benchy,1.0,1,1.0,1.0,1.0,2.3,1.2,1.0,2018-02-01
Blockchain Traded Fund,BTF,N/A,N/A,N/A,N/A,N/A,Unknown,N/A,N/A,N/A,-,VERY LOW,VERY LOW,-,-,N/A,Benchy,1.0,N/A,1.0,1.0,-,-,-,1.1,2018-07-01
First Token Asia,FTA,N/A,N/A,N/A,1333 ETH,N/A,Unknown,N/A,N/A,N/A,-,-,-,-,-,N/A,Benchy,1.0,N/A,1.0,1.0,1.1,2.6,-,1.1,2018-01-21
Bitnet Token ICO,,N/A,N/A,N/A,N/A,N/A,N/A,N/A,N/A,N/A,VERY LOW,VERY LOW,VERY LOW,-,-,N/A,N/A,N/A,N/A,N/A,N/A,N/A,N/A,-,N/A,2018-01-15
Cryptodruid,RUNE,Ethereum,ERC20,N/A,N/A,N/A,Unknown,N/A,N/A,N/A,-,VERY LOW,VERY LOW,-,-,1,Benchy,N/A,1,N/A,N/A,1.2,2.6,1.3,1.2,2018-02-01
After Ether,AET,N/A,N/A,N/A,N/A,N/A,N/A,N/A,N/A,N/A,-,VERY LOW,VERY LOW,-,-,N/A,N/A,N/A,N/A,N/A,N/A,1.1,2.3,1.2,N/A,2018-01-10
tokcoin ICO,,N/A,N/A,N/A,N/A,N/A,N/A,N/A,N/A,N/A,-,-,-,-,-,N/A,N/A,N/A,N/A,N/A,N/A,N/A,N/A,-,N/A,2018-05-02
Shareel ICO,,N/A,N/A,N/A,N/A,N/A,N/A,N/A,N/A,N/A,-,-,-,-,-,N/A,N/A,N/A,N/A,N/A,N/A,N/A,N/A,-,N/A,2018-01-31
Blind Croupier ICO,,N/A,N/A,N/A,N/A,N/A,N/A,N/A,1500000000,N/A,-,VERY LOW,VERY LOW,-,-,N/A,N/A,N/A,N/A,N/A,N/A,N/A,N/A,-,N/A,2018-09-29
Lights Movie Studio,,N/A,N/A,N/A,N/A,N/A,N/A,N/A,N/A,N/A,-,VERY LOW,VERY LOW,-,-,N/A,N/A,N/A,N/A,N/A,N/A,N/A,N/A,-,N/A,2018-02-12
METTA,META,Ethereum,59,685,400 METTA (70%),N/A,N/A,409 ETH,Unknown,N/A,889553900,N/A,VERY HIGH,VERY LOW,VERY LOW,-,VERY LOW,5,Benchy,N/A,9,N/A,N/A,3.0,6.5,-,3.0,2018-02-01
Block Bank,BBRT,N/A,N/A,N/A,N/A,N/A,N/A,N/A,N/A,100%,VERY HIGH,LOW,LOW,-,-,N/A,N/A,N/A,N/A,N/A,N/A,-,-,-,N/A,2018-06-01
SuperPay,,Ethereum,ERC20,Singapore,N/A,N/A,N/A,N/A,N/A,N/A,MEDIUM,VERY LOW,VERY LOW,-,-,2,N/A,N/A,9,N/A,N/A,2.7,5.6,-,N/A,2018-02-28
DATAVLT,DVT,Ethereum,ERC20,Singapore,N/A,N/A,N/A,N/A,N/A,N/A,MEDIUM,-,-,-,-,10,Benchy,N/A,1,N/A,N/A,2.3,5.8,1.9,2.3,Jan, 2018
Nexty Coin,PNTY,N/A,N/A,N/A,9,460,000,N/A,Unknown,N/A,N/A,N/A,HIGH,VERY HIGH,VERY HIGH,-,-,N/A,Benchy,N/A,N/A,N/A,N/A,-,-,-,2.9,2018-01-19
VDC Coin,,N/A,N/A,N/A,N/A,N/A,N/A,N/A,N/A,N/A,-,-,-,-,-,N/A,N/A,N/A,N/A,N/A,N/A,N/A,N/A,-,N/A,2018-01-15
Must Have Token,MUH,N/A,N/A,N/A,N/A,N/A,N/A,N/A,N/A,N/A,-,LOW,LOW,-,VERY LOW,N/A,N/A,N/A,N/A,N/A,N/A,N/A,N/A,-,N/A,2018-01-18
Ydentity,YDY,N/A,44,000,000 YDY (44%),N/A,50000000 USD,6000000 USD,Unknown,N/A,N/A,N/A,-,MEDIUM,MEDIUM,-,-,8,Benchy,N/A,1,N/A,N/A,2.1,5.6,-,2.1,2018-05-21
METTA,META,Ethereum,59,685,400 METTA (70%),N/A,N/A,409 ETH,Unknown,N/A,889553900,N/A,VERY HIGH,VERY LOW,VERY LOW,-,VERY LOW,5,Benchy,N/A,9,N/A,N/A,3.0,6.5,-,3.0,2018-02-01
Block Bank,BBRT,N/A,N/A,N/A,N/A,N/A,N/A,N/A,N/A,100%,VERY HIGH,LOW,LOW,-,-,N/A,N/A,N/A,N/A,N/A,N/A,-,-,-,N/A,2018-06-01
Evareium,EVM,Ethereum,ERC20,Cayman Islands,N/A,N/A,N/A,N/A,N/A,N/A,VERY HIGH,LOW,LOW,-,LOW,8,N/A,N/A,9,N/A,N/A,3.2,7.9,3.5,N/A,2018-04-30
Nedviga,NDV,Ethereum,ERC20,Russia,60000 ETH,10000 ETH,Unknown,N/A,N/A,N/A,-,VERY LOW,VERY LOW,-,VERY LOW,3,Benchy,1.6,10,1.4,1.4,1.8,6.0,1.6,1.8,2018-12-15
YOBANK,YOB,N/A,N/A,N/A,N/A,N/A,N/A,N/A,N/A,N/A,-,-,-,-,-,N/A,N/A,N/A,N/A,N/A,N/A,-,-,-,N/A,2018-03-15
FootStar,FTST,Ethereum,ERC20,Czech Republic,N/A,N/A,Unknown,N/A,N/A,N/A,-,VERY LOW,VERY LOW,-,VERY LOW,3,Benchy,1.0,10,1.0,2.0,2.0,5.5,-,2.0,2018-12-31
UbiquiCoin（BIQ）,,N/A,N/A,N/A,N/A,N/A,N/A,N/A,N/A,N/A,-,VERY LOW,VERY LOW,-,-,N/A,N/A,N/A,N/A,N/A,N/A,N/A,N/A,-,N/A,2018-01-28
GTurbo,GTR,Ethereum,ERC20,Russia,30000000 USD,5000000 USD,Unknown,N/A,N/A,N/A,-,VERY LOW,VERY LOW,-,VERY LOW,3,Benchy,2.0,5,3.0,2.0,2.7,5.5,-,2.7,2018-12-26
SuperPay,,Ethereum,ERC20,Singapore,N/A,N/A,N/A,N/A,N/A,N/A,MEDIUM,VERY LOW,VERY LOW,-,-,2,N/A,N/A,9,N/A,N/A,2.7,5.6,-,N/A,2018-02-28
VDC Coin,,N/A,N/A,N/A,N/A,N/A,N/A,N/A,N/A,N/A,-,-,-,-,-,N/A,N/A,N/A,N/A,N/A,N/A,N/A,N/A,-,N/A,2018-01-15
OILSC,TOKENS,Ethereum,ERC20,Seychelles,N/A,N/A,Unknown,N/A,N/A,N/A,VERY LOW,-,-,-,-,6,Benchy,1.0,1,1.0,1.0,1.8,4.6,-,1.8,2018-03-15
Must Have Token,MUH,N/A,N/A,N/A,N/A,N/A,N/A,N/A,N/A,N/A,-,LOW,LOW,-,VERY LOW,N/A,N/A,N/A,N/A,N/A,N/A,N/A,N/A,-,N/A,2018-01-18
VoxelX,GRAY,Ethereum,ERC20,Turkey,25000 ETH,1500 ETH,N/A,N/A,N/A,N/A,VERY HIGH,LOW,LOW,-,VERY LOW,8,Benchy,N/A,10,N/A,N/A,2.8,8.3,-,2.8,2018-07-10
Ydentity,YDY,N/A,44,000,000 YDY (44%),N/A,50000000 USD,6000000 USD,Unknown,N/A,N/A,N/A,-,MEDIUM,MEDIUM,-,-,8,Benchy,N/A,1,N/A,N/A,2.1,5.6,-,2.1,2018-05-21
Envilope,LOK,Ethereum,ERC20,N/A,N/A,N/A,N/A,N/A,N/A,N/A,-,VERY LOW,VERY LOW,-,-,5,Benchy,N/A,1,N/A,N/A,2.7,4.6,-,2.7,2018-11-28
Miners At Work,GINNI,N/A,N/A,N/A,N/A,N/A,N/A,N/A,N/A,N/A,-,VERY LOW,VERY LOW,-,VERY LOW,N/A,N/A,N/A,N/A,N/A,N/A,N/A,N/A,-,N/A,2018-01-05
Safcur,CFR,N/A,N/A,N/A,N/A,N/A,N/A,N/A,N/A,N/A,-,VERY LOW,VERY LOW,-,-,N/A,N/A,N/A,N/A,N/A,N/A,N/A,N/A,-,N/A,Feb, 2018
MimiCoin,MIM,Ethereum,ERC20,Croatia,N/A,N/A,Unknown,N/A,N/A,N/A,VERY HIGH,VERY LOW,VERY LOW,-,-,1,Benchy,3.8,10,3.6,3.1,3.3,5.6,3.4,3.3,2018-02-12
AkroCoin,AKR,Ethereum,ERC20,USA,N/A,N/A,Unknown,N/A,N/A,N/A,-,VERY LOW,VERY LOW,-,-,10,Benchy,N/A,1,N/A,N/A,2.0,5.8,1.7,2.0,2018-01-09
Callback Plus,CBP,N/A,N/A,N/A,500000 USD,N/A,Unknown,N/A,N/A,N/A,-,VERY LOW,VERY LOW,-,-,N/A,Benchy,1.0,N/A,3.0,1.0,2.1,4.0,1.8,2.1,2018-01-03
XmasCoins,XMX,N/A,N/A,N/A,N/A,N/A,N/A,N/A,N/A,N/A,VERY LOW,VERY LOW,VERY LOW,-,-,N/A,N/A,N/A,N/A,N/A,N/A,N/A,N/A,-,N/A,2018-01-07
Ranger,RAG,N/A,N/A,N/A,N/A,N/A,N/A,N/A,N/A,N/A,-,VERY LOW,VERY LOW,-,-,N/A,N/A,N/A,N/A,N/A,N/A,N/A,N/A,-,N/A,2018-01-26
GIVACOIN,GVC,Ethereum,ERC20,Canada,N/A,N/A,Unknown,N/A,N/A,N/A,-,-,-,-,-,2,Benchy,2.6,1,1.9,2.6,2.3,2.8,2.1,2.3,2018-02-24
Bitloanex,BLXT,N/A,N/A,N/A,N/A,N/A,N/A,N/A,N/A,N/A,-,VERY LOW,VERY LOW,-,LOW,N/A,N/A,N/A,N/A,N/A,N/A,N/A,N/A,-,N/A,2018-01-25
ReversalCoin,RVC,N/A,N/A,N/A,N/A,N/A,N/A,N/A,N/A,N/A,-,VERY LOW,VERY LOW,-,-,N/A,N/A,N/A,N/A,N/A,N/A,N/A,N/A,-,N/A,Jan, 2018
BeautiQ,BTQ,Waves,720,000 BTQ,Isle of Man,600,000 EUR,480,000 EUR,Unknown,86400000,72000000,N/A,-,-,-,-,-,1,Benchy,N/A,10,N/A,N/A,2.8,5.3,2.9,2.8,2018-04-20
Krow Network (KROW),KROW,N/A,N/A,N/A,N/A,N/A,N/A,N/A,N/A,N/A,VERY HIGH,LOW,LOW,-,-,N/A,N/A,N/A,N/A,N/A,N/A,N/A,N/A,-,N/A,2018-06-20
JCN Token,JCNXXX,N/A,N/A,N/A,N/A,N/A,N/A,N/A,N/A,N/A,MEDIUM,VERY LOW,VERY LOW,MEDIUM,VERY LOW,N/A,N/A,N/A,N/A,N/A,N/A,2.0,5.2,-,N/A,2018-11-15
Safcur,CFR,N/A,N/A,N/A,N/A,N/A,N/A,N/A,N/A,N/A,-,VERY LOW,VERY LOW,-,-,N/A,N/A,N/A,N/A,N/A,N/A,N/A,N/A,-,N/A,Feb, 2018
Rotharium ICO,RTH,N/A,N/A,N/A,N/A,N/A,N/A,N/A,N/A,100%,-,VERY LOW,VERY LOW,-,-,N/A,N/A,N/A,N/A,N/A,N/A,-,-,-,N/A,2018-01-14
Ethorse,HORSE,N/A,N/A,N/A,4000 ETH,400 ETH,48000004000000000000 ETH,400000,40000,39%,LOW,LOW,LOW,-,VERY LOW,N/A,Benchy,3.5,N/A,4.5,4.6,-,-,-,3.8,2018-02-20
Callback Plus,CBP,N/A,N/A,N/A,500000 USD,N/A,Unknown,N/A,N/A,N/A,-,VERY LOW,VERY LOW,-,-,N/A,Benchy,1.0,N/A,3.0,1.0,2.1,4.0,1.8,2.1,2018-01-03
Volteum,,N/A,N/A,N/A,N/A,N/A,N/A,N/A,N/A,N/A,-,VERY LOW,VERY LOW,-,-,N/A,N/A,N/A,N/A,N/A,N/A,N/A,N/A,-,N/A,2018-01-22
XmasCoins,XMX,N/A,N/A,N/A,N/A,N/A,N/A,N/A,N/A,N/A,VERY LOW,VERY LOW,VERY LOW,-,-,N/A,N/A,N/A,N/A,N/A,N/A,N/A,N/A,-,N/A,2018-01-07
Ranger,RAG,N/A,N/A,N/A,N/A,N/A,N/A,N/A,N/A,N/A,-,VERY LOW,VERY LOW,-,-,N/A,N/A,N/A,N/A,N/A,N/A,N/A,N/A,-,N/A,2018-01-26
GIVACOIN,GVC,Ethereum,ERC20,Canada,N/A,N/A,Unknown,N/A,N/A,N/A,-,-,-,-,-,2,Benchy,2.6,1,1.9,2.6,2.3,2.8,2.1,2.3,2018-02-24
Monyx,MYX,N/A,N/A,N/A,N/A,N/A,N/A,N/A,N/A,N/A,-,MEDIUM,MEDIUM,-,-,N/A,N/A,N/A,N/A,N/A,N/A,N/A,N/A,-,N/A,2018-01-14
ReversalCoin,RVC,N/A,N/A,N/A,N/A,N/A,N/A,N/A,N/A,N/A,-,VERY LOW,VERY LOW,-,-,N/A,N/A,N/A,N/A,N/A,N/A,N/A,N/A,-,N/A,Jan, 2018
BeautiQ,BTQ,Waves,720,000 BTQ,Isle of Man,600,000 EUR,480,000 EUR,Unknown,86400000,72000000,N/A,-,-,-,-,-,1,Benchy,N/A,10,N/A,N/A,2.8,5.3,2.9,2.8,2018-04-20
Krow Network (KROW),KROW,N/A,N/A,N/A,N/A,N/A,N/A,N/A,N/A,N/A,VERY HIGH,LOW,LOW,-,-,N/A,N/A,N/A,N/A,N/A,N/A,N/A,N/A,-,N/A,2018-06-20
Qredit,QRT,Neblio,NTP-1,Netherlands,1,900,000 EUR,N/A,647314 USD,N/A,N/A,N/A,-,HIGH,HIGH,-,-,3,Benchy,4.0,10,4.0,5.0,-,-,-,2.7,2018-02-10
JCN Token,JCNXXX,N/A,N/A,N/A,N/A,N/A,N/A,N/A,N/A,N/A,MEDIUM,VERY LOW,VERY LOW,MEDIUM,VERY LOW,N/A,N/A,N/A,N/A,N/A,N/A,2.0,5.2,-,N/A,2018-11-15
Ethernal Heroes,MAGE,N/A,N/A,N/A,5000000 USD,1500000 USD,92921 USD,N/A,N/A,100%,-,VERY LOW,VERY LOW,-,VERY LOW,N/A,Benchy,3.0,N/A,3.0,2.0,2.2,6.7,2.6,2.2,2018-05-31
Zillerium,ZILLERIUM,N/A,N/A,N/A,N/A,N/A,N/A,N/A,N/A,N/A,-,VERY LOW,VERY LOW,-,-,N/A,N/A,N/A,N/A,N/A,N/A,N/A,N/A,-,N/A,2018-06-01
BioFactoryCoin,BFC,Ethereum,ERC20,UK,N/A,N/A,39223918 USD,N/A,N/A,N/A,-,VERY LOW,VERY LOW,-,-,2,Benchy,3.0,1,2.4,2.4,2.3,3.7,3.2,2.3,2018-02-21
Bitbeeline ICO,,N/A,N/A,N/A,N/A,N/A,N/A,N/A,N/A,N/A,-,-,-,-,-,N/A,N/A,N/A,N/A,N/A,N/A,N/A,N/A,-,N/A,2018-01-10
Nilecoin,NIL,Nilechain,ERC20,USA,N/A,N/A,Unknown,N/A,N/A,N/A,-,VERY LOW,VERY LOW,-,-,3,Benchy,1.0,1,3.0,2.0,2.0,3.3,2.0,2.0,2018-01-27
DATAVLT,DVT,Ethereum,ERC20,Singapore,N/A,N/A,N/A,N/A,N/A,N/A,MEDIUM,-,-,-,-,10,Benchy,N/A,1,N/A,N/A,2.3,5.8,1.9,2.3,Jan, 2018
Nexty Coin,PNTY,N/A,N/A,N/A,9,460,000,N/A,Unknown,N/A,N/A,N/A,HIGH,VERY HIGH,VERY HIGH,-,-,N/A,Benchy,N/A,N/A,N/A,N/A,-,-,-,2.9,2018-01-19
KKT Coin,KKT,N/A,N/A,N/A,N/A,N/A,N/A,N/A,N/A,N/A,-,VERY LOW,VERY LOW,-,-,N/A,N/A,N/A,N/A,N/A,N/A,N/A,3.5,-,N/A,2018-02-28
Travelflex Coin,TRF,N/A,N/A,N/A,N/A,N/A,N/A,N/A,N/A,N/A,VERY HIGH,-,-,-,-,N/A,N/A,N/A,N/A,N/A,N/A,-,-,-,N/A,2018-01-12
Keyrpto,,Ethereum,ERC20,Estonia,5100000 USD,3000000 USD,4800000 USD,510000000,300000000,58%,VERY HIGH,LOW,LOW,-,VERY LOW,7,Benchy,4.4,9,5.0,4.4,-,-,-,3.8,2018-02-27
BoatPilot,,Ethereum,ERC20,Cyprus,9850000 USD,3920000 USD,5025224 USD,N/A,N/A,100%,VERY HIGH,LOW,LOW,-,VERY LOW,7,Benchy,4.0,10,4.0,4.3,-,-,-,3.9,2018-04-15
Horyou,HYT,N/A,N/A,N/A,108,000,000 EUR,N/A,Unknown,N/A,N/A,N/A,-,MEDIUM,MEDIUM,-,LOW,N/A,Benchy,3.9,N/A,3.5,4.5,-,-,-,3.8,2018-11-18
AMOR,AMOR,N/A,N/A,N/A,N/A,N/A,Unknown,N/A,N/A,N/A,LOW,LOW,LOW,-,-,N/A,Benchy,N/A,N/A,N/A,N/A,1.8,3.7,-,1.8,2018-01-02
Nova Blitz,NVT,N/A,N/A,N/A,N/A,N/A,Unknown,N/A,N/A,N/A,VERY LOW,LOW,LOW,-,-,N/A,Benchy,4.0,N/A,4.0,4.0,-,-,-,3.2,2018-01-10
ZED Network Inc.,,N/A,N/A,N/A,N/A,N/A,N/A,N/A,N/A,N/A,-,MEDIUM,MEDIUM,-,LOW,N/A,N/A,N/A,N/A,N/A,N/A,2.6,7.2,3.4,N/A,2018-12-30
ROYAL CAPITAL,ROYAL CAPITAL,N/A,N/A,N/A,400000000 USD,1000000 USD,Unknown,N/A,N/A,N/A,MEDIUM,VERY LOW,VERY LOW,-,VERY LOW,N/A,Benchy,1.0,N/A,1.0,1.0,1.3,3.9,1.0,1.3,2018-03-19
Mining now,MNW,N/A,N/A,N/A,N/A,N/A,4264750 USD,N/A,N/A,N/A,-,-,-,-,-,N/A,Benchy,3.0,N/A,3.0,4.0,2.3,3.6,3.1,2.3,2018-01-18
BTC Green,,N/A,N/A,N/A,N/A,N/A,N/A,N/A,N/A,N/A,-,VERY LOW,VERY LOW,-,-,N/A,N/A,N/A,N/A,N/A,N/A,N/A,N/A,-,N/A,2018-01-31
Cryptosis,CST,N/A,N/A,N/A,N/A,N/A,N/A,N/A,N/A,N/A,-,VERY LOW,VERY LOW,-,-,N/A,N/A,N/A,N/A,N/A,N/A,N/A,N/A,-,N/A,2018-01-27
Honor,HONOR,N/A,N/A,N/A,5000000 USD,N/A,Unknown,N/A,N/A,N/A,-,-,-,-,-,N/A,Benchy,N/A,N/A,N/A,N/A,2.2,3.4,3.8,2.2,2018-01-29
MATRIX,,N/A,N/A,N/A,50,000,000,N/A,54000000 USD,N/A,N/A,N/A,VERY HIGH,VERY HIGH,VERY HIGH,-,VERY HIGH,N/A,Benchy,N/A,N/A,N/A,N/A,3.3,6.8,3.4,3.3,2018-01-31
KZ CRYPTO BANK,KZC,N/A,N/A,N/A,N/A,N/A,N/A,N/A,200000000,N/A,-,VERY LOW,VERY LOW,-,-,N/A,N/A,N/A,N/A,N/A,N/A,N/A,N/A,-,N/A,2018-01-31
SilkChain,SILK,Ethereum,ERC20,N/A,95000 ETH,17000 ETH,10000000 USD,7452750000,7452750000,N/A,-,MEDIUM,MEDIUM,-,-,10,Benchy,4.0,10,3.9,4.2,-,-,-,4.1,2018-11-30
Peoplewave,PWV,Ethereum,ERC20,Singapore,20000000 USD,2000000 USD,591600 USD,N/A,N/A,100%,-,-,-,-,-,8,Benchy,4.0,10,4.0,4.4,-,-,-,3.9,2018-06-06
HuapuPay,HUP,N/A,N/A,N/A,N/A,N/A,N/A,15000,35000,N/A,-,-,-,-,-,N/A,N/A,N/A,N/A,N/A,N/A,N/A,N/A,-,N/A,Nov, 2018
Karatcoin,KCD,N/A,N/A,N/A,N/A,N/A,N/A,300000000,2400000000,N/A,-,MEDIUM,MEDIUM,LOW,LOW,N/A,N/A,N/A,N/A,N/A,N/A,N/A,N/A,-,N/A,2018-11-11
OecoSystema,ECOS,N/A,N/A,N/A,N/A,N/A,N/A,N/A,2000000,N/A,-,VERY LOW,VERY LOW,VERY LOW,-,N/A,N/A,N/A,N/A,N/A,N/A,N/A,N/A,-,N/A,2018-12-31
Coinstocks,IOX,Ethereum,ERC20,USA,17500 ETH,4350 ETH,Unknown,350000000,1250000000,N/A,-,MEDIUM,MEDIUM,-,LOW,8,Benchy,5.0,5,5.0,5.0,4.3,7.3,-,4.3,2018-06-14
Blockchain.io,BCIO,N/A,N/A,N/A,20,000,000 EUR,N/A,1500000 USD,N/A,2300000000,N/A,-,VERY HIGH,VERY HIGH,VERY HIGH,-,N/A,Benchy,4.7,N/A,4.3,4.0,4.3,10.0,-,4.3,2018-10-25
Cura Network,CUR,N/A,N/A,N/A,15000000 USD,5000000 USD,500000 USD,1500000000,500000000,10%,-,MEDIUM,MEDIUM,VERY LOW,LOW,N/A,Benchy,4.3,N/A,4.3,4.5,4.2,9.1,-,4.2,Dec, 2018
DATP,DATP,N/A,N/A,N/A,N/A,N/A,N/A,4098400,13614600,43%,-,MEDIUM,MEDIUM,VERY LOW,LOW,N/A,N/A,N/A,N/A,N/A,N/A,-,-,-,N/A,2018-10-23
Usechain,USE,N/A,N/A,N/A,60000 ETH,20000 ETH,23524200 USD,N/A,N/A,100%,HIGH,VERY HIGH,VERY HIGH,-,MEDIUM,N/A,Benchy,5.0,N/A,5.0,5.0,-,-,-,3.8,2018-08-08
Five Star Coin Pro ICO,FSCP,N/A,N/A,N/A,N/A,N/A,N/A,100000000,157500000,68%,-,-,-,-,VERY LOW,N/A,N/A,N/A,N/A,N/A,N/A,N/A,N/A,-,N/A,2018-07-28
Natmin,NAT,N/A,N/A,N/A,N/A,N/A,N/A,N/A,N/A,N/A,-,HIGH,HIGH,-,-,N/A,N/A,N/A,N/A,N/A,N/A,-,-,-,N/A,2018-12-31
PokerSports ICO,XPST,N/A,N/A,N/A,N/A,N/A,N/A,N/A,N/A,N/A,VERY LOW,HIGH,HIGH,-,-,N/A,N/A,N/A,N/A,N/A,N/A,-,-,-,N/A,2018-04-07
Crypthealth,CRPHT,N/A,N/A,N/A,N/A,N/A,N/A,30000,15000,N/A,-,-,-,HIGH,VERY LOW,N/A,N/A,N/A,N/A,N/A,N/A,N/A,N/A,-,N/A,2018-10-15
Dealjoy,DEAL,N/A,N/A,N/A,N/A,N/A,N/A,N/A,N/A,N/A,-,LOW,LOW,VERY HIGH,-,N/A,N/A,N/A,N/A,N/A,N/A,N/A,N/A,-,N/A,Sep, 2018
WALETOKEN,WTN,N/A,N/A,N/A,N/A,N/A,N/A,120000,120000,N/A,-,LOW,LOW,VERY LOW,-,N/A,N/A,N/A,N/A,N/A,N/A,-,-,-,N/A,2018-11-05
MAKE,MAKE,N/A,N/A,N/A,25000000 USD,2000000 USD,N/A,N/A,N/A,N/A,-,MEDIUM,MEDIUM,VERY HIGH,LOW,N/A,Benchy,5.0,N/A,4.5,5.0,4.2,7.6,-,4.2,2018-08-17
Ethereum Wildfire Project,EWPS,N/A,N/A,N/A,N/A,N/A,N/A,N/A,N/A,N/A,-,-,-,VERY LOW,-,N/A,N/A,N/A,N/A,N/A,N/A,N/A,N/A,-,N/A,2018-08-09
Blackbox Foundation ICO,BBOS,N/A,N/A,N/A,N/A,N/A,N/A,N/A,N/A,N/A,VERY HIGH,HIGH,HIGH,VERY HIGH,LOW,N/A,N/A,N/A,N/A,N/A,N/A,4.0,7.7,-,N/A,Oct, 2018
Please Protocol,PLS,N/A,N/A,N/A,N/A,N/A,N/A,2600000000,1820000000,N/A,-,-,-,-,LOW,N/A,N/A,N/A,N/A,N/A,N/A,4.0,8.8,-,N/A,Dec, 2018
TNcoin,,N/A,N/A,N/A,N/A,N/A,N/A,5000000000,500,N/A,-,VERY LOW,VERY LOW,-,-,N/A,N/A,N/A,N/A,N/A,N/A,N/A,N/A,-,N/A,2018-10-30
BLOCKPASS,,N/A,N/A,N/A,N/A,N/A,N/A,N/A,N/A,N/A,-,HIGH,HIGH,-,HIGH,N/A,N/A,N/A,N/A,N/A,N/A,4.2,8.7,-,N/A,2018-11-30
ArcadierX,ARCX,Ethereum,ERC20,Singapore,N/A,N/A,N/A,N/A,N/A,N/A,-,-,-,MEDIUM,LOW,5,N/A,N/A,10,N/A,N/A,4.0,7.4,-,N/A,2018-12-30
DeepCloud AI,,N/A,N/A,N/A,N/A,N/A,N/A,N/A,N/A,N/A,-,HIGH,HIGH,-,-,N/A,N/A,N/A,N/A,N/A,N/A,4.3,7.6,-,N/A,Aug, 2018
Ammeris Platform,AMRS,N/A,N/A,N/A,10062500 USD,2000000 USD,Unknown,N/A,N/A,N/A,-,-,-,MEDIUM,-,N/A,Benchy,4.3,N/A,3.7,3.6,3.9,7.6,-,3.9,2018-12-31
Ammeris Platform,AMRS,N/A,N/A,N/A,10062500 USD,2000000 USD,Unknown,N/A,N/A,N/A,-,-,-,MEDIUM,-,N/A,Benchy,4.3,N/A,3.7,3.6,3.9,7.6,-,3.9,2018-12-31
ALL BEST,ALLBI,N/A,N/A,N/A,N/A,N/A,N/A,N/A,800000000,N/A,-,HIGH,HIGH,-,MEDIUM,N/A,N/A,N/A,N/A,N/A,N/A,-,-,-,N/A,2018-07-08
Firmo ICO,FRM,N/A,N/A,N/A,N/A,N/A,N/A,N/A,N/A,N/A,-,VERY LOW,VERY LOW,-,-,N/A,N/A,N/A,N/A,N/A,N/A,4.0,7.4,-,N/A,2018-06-01
AB-CHAIN,ABC,Ethereum,ERC20,Russia,N/A,N/A,N/A,2000000000,150000000,20%,MEDIUM,-,-,-,-,6,N/A,N/A,9,N/A,N/A,-,-,-,N/A,2018-03-31
Gather,GTH,N/A,N/A,N/A,N/A,N/A,N/A,N/A,N/A,100%,-,VERY HIGH,VERY HIGH,-,MEDIUM,N/A,N/A,N/A,N/A,N/A,N/A,3.9,8.8,-,N/A,2018-03-05
My Btc Fx,4XBIT,N/A,N/A,N/A,N/A,N/A,N/A,1500000000,15000000000,N/A,-,-,-,-,-,N/A,N/A,N/A,N/A,N/A,N/A,-,-,-,N/A,2018-09-30
CosmosCR,CYBR,N/A,N/A,N/A,N/A,N/A,N/A,N/A,N/A,N/A,-,LOW,LOW,VERY HIGH,VERY LOW,N/A,N/A,N/A,N/A,N/A,N/A,N/A,N/A,-,N/A,Dec, 2018
ClearAid,CAID,Ethereum,ERC20,Estonia,8850000 USD,1770000 USD,Unknown,N/A,225000000,N/A,-,VERY LOW,VERY LOW,-,-,6,Benchy,5.0,10,4.0,5.0,3.6,7.4,-,3.6,2018-11-30
IOU,,N/A,N/A,N/A,N/A,N/A,11700000 USD,N/A,N/A,N/A,-,LOW,LOW,-,LOW,N/A,Benchy,4.8,N/A,3.8,4.6,-,-,-,4.2,2018-09-18
ASQ Protocol,ASQT,N/A,N/A,N/A,10000000 USD,5500000 USD,N/A,1000000000,550000000,N/A,-,LOW,LOW,LOW,-,N/A,Benchy,5.0,N/A,4.0,5.0,3.8,8.6,-,3.8,2018-11-14
Authpaper Coin,,N/A,N/A,N/A,N/A,N/A,N/A,N/A,100000000,N/A,-,-,-,MEDIUM,-,N/A,N/A,N/A,N/A,N/A,N/A,-,-,-,N/A,2018-12-15
Snapparazzi,SNPC,Ethereum,ERC-20,Malta,59000000 USD,10000000 USD,10000000 USD,5900000000,1000000000,16%,-,-,-,VERY HIGH,-,10,Benchy,4.0,10,3.7,3.6,-,-,-,3.8,2018-11-30
8thContinentBit,ECB,N/A,N/A,N/A,N/A,N/A,N/A,N/A,N/A,N/A,VERY LOW,-,-,-,VERY LOW,N/A,N/A,N/A,N/A,N/A,N/A,N/A,N/A,-,N/A,2018-06-08
Rockz,,Ethereum,ERC20,Switzerland,26,250,000,N/A,1315405 USD,N/A,N/A,N/A,-,VERY LOW,VERY LOW,-,-,7,Benchy,5.0,10,5.0,5.0,3.7,7.9,-,3.7,2018-11-15
SRT,SRT,N/A,N/A,N/A,5000000 USD,500000 USD,Unknown,500000000,50000000,N/A,-,LOW,LOW,-,VERY LOW,N/A,Benchy,4.0,N/A,3.7,4.0,3.9,8.8,-,3.9,2018-12-25
WeiCrowd ICO,WEICOIN(WEIS),N/A,N/A,N/A,N/A,N/A,N/A,N/A,N/A,N/A,MEDIUM,-,-,-,-,N/A,N/A,N/A,N/A,N/A,N/A,N/A,6.0,-,N/A,2018-05-31
Cubrix,CBIX,N/A,N/A,N/A,N/A,N/A,N/A,N/A,N/A,N/A,-,VERY LOW,VERY LOW,VERY LOW,VERY LOW,N/A,N/A,N/A,N/A,N/A,N/A,N/A,N/A,-,N/A,2018-10-30
LinkChain,LNK,Ethereum,SecuritySTO,USA,N/A,N/A,N/A,N/A,N/A,N/A,-,-,-,LOW,LOW,10,N/A,N/A,10,N/A,N/A,3.9,9.3,-,N/A,2018-11-10
Cubrix,CBIX,N/A,N/A,N/A,N/A,N/A,N/A,N/A,N/A,N/A,-,VERY LOW,VERY LOW,VERY LOW,VERY LOW,N/A,N/A,N/A,N/A,N/A,N/A,N/A,N/A,-,N/A,2018-10-30
CryptoMillionsLotto ICO,,N/A,N/A,N/A,N/A,N/A,N/A,N/A,N/A,N/A,-,-,-,-,-,N/A,N/A,N/A,N/A,N/A,N/A,4.0,9.0,-,N/A,2018-07-30
Social Media Pay,SMP,N/A,N/A,N/A,N/A,N/A,N/A,N/A,N/A,N/A,-,-,-,LOW,VERY LOW,N/A,N/A,N/A,N/A,N/A,N/A,N/A,N/A,-,N/A,Sep, 2018
Futurepia,FPC,Graphene,Utility,N/A,N/A,N/A,Unknown,N/A,N/A,N/A,-,-,-,MEDIUM,-,8,Benchy,4.3,8,3.5,4.3,-,-,-,4.0,2018-12-31
OLM,,Ethereum,ERC20,Switzerland,N/A,N/A,N/A,5300000000,100000000,N/A,-,-,-,-,-,7,N/A,N/A,1,N/A,N/A,4.0,N/A,-,N/A,2018-12-31
Emanate ICO,,N/A,N/A,N/A,N/A,N/A,N/A,N/A,N/A,N/A,-,HIGH,HIGH,-,LOW,N/A,N/A,N/A,N/A,N/A,N/A,-,-,-,N/A,Jun, 2018
CWP,CWT-P,N/A,N/A,Czech Republic,47400000 USD,2400000 USD,N/A,N/A,N/A,N/A,-,VERY LOW,VERY LOW,-,-,5,Benchy,3.0,10,3.0,5.0,3.9,6.0,-,3.9,Nov, 2018
BQT,,Ethereum,ERC20,Global,50000000 USD,2000000 USD,37000000 USD,N/A,N/A,N/A,-,LOW,LOW,HIGH,-,5,Benchy,4.2,9,3.6,3.7,-,-,-,3.8,2018-12-18
BQT,,Ethereum,ERC20,Global,50000000 USD,2000000 USD,37000000 USD,N/A,N/A,N/A,-,LOW,LOW,HIGH,-,5,Benchy,4.2,9,3.6,3.7,-,-,-,3.8,2018-12-18
Twogap,,Ethereum,ERC20,Singapore,N/A,N/A,Unknown,N/A,N/A,N/A,-,VERY HIGH,VERY HIGH,-,MEDIUM,10,Benchy,3.7,10,3.4,3.7,-,-,-,3.7,2018-11-07
Pearl Pay,PRLPAY,N/A,N/A,N/A,N/A,N/A,N/A,3500000000,3500000000,N/A,-,-,-,-,VERY LOW,N/A,N/A,N/A,N/A,N/A,N/A,4.0,8.9,-,N/A,2018-07-20
Gorecruit,GRT,Ethereum,ERC20,British Virgin Islands,12500000 USD,2000000 USD,N/A,N/A,N/A,N/A,-,MEDIUM,MEDIUM,LOW,LOW,8,Benchy,N/A,10,N/A,N/A,3.8,8.9,-,3.8,2018-11-24
CURES,CRS,Ethereum,ERC20,Bulgaria,175000 ETH,2000 ETH,308780 USD,2104375000,24050000,0%,-,MEDIUM,MEDIUM,-,LOW,8,Benchy,4.0,9,3.0,5.0,3.6,7.7,-,3.6,2018-11-30
Group Project,GRUP,N/A,N/A,N/A,N/A,N/A,N/A,N/A,N/A,N/A,-,-,-,-,-,N/A,N/A,N/A,N/A,N/A,N/A,3.3,N/A,4.1,N/A,2018-06-10
MaxData,MXD,Ethereum,ERC20,Gibraltar,50000000 USD,5000000 USD,Unknown,N/A,N/A,N/A,-,LOW,LOW,-,-,8,Benchy,4.2,7,3.9,4.6,3.8,7.7,-,3.8,2018-05-31
Maximum Exchange,MMT,N/A,N/A,N/A,N/A,N/A,N/A,N/A,N/A,N/A,-,VERY LOW,VERY LOW,MEDIUM,VERY LOW,N/A,N/A,N/A,N/A,N/A,N/A,N/A,N/A,-,N/A,2018-11-30
Solve Care,,N/A,N/A,N/A,20000000 USD,3000000 USD,20000000 USD,N/A,3500000000,100%,HIGH,VERY HIGH,VERY HIGH,-,VEARY HIGH,N/A,Benchy,4.1,N/A,3.8,4.2,4.2,8.3,-,4.0,2018-03-21
Neural Protocol,NRP,N/A,N/A,N/A,N/A,N/A,N/A,20000,4440000,70%,-,MEDIUM,MEDIUM,-,-,N/A,N/A,N/A,N/A,N/A,N/A,-,-,-,N/A,2018-10-24
GMB,GMB,Ethereum,N/A,Germany,N/A,N/A,N/A,N/A,1200000000,N/A,-,LOW,LOW,-,LOW,8,N/A,N/A,10,N/A,N/A,-,-,-,N/A,2018-12-06
INHERITANCE,IEI,N/A,N/A,N/A,N/A,N/A,N/A,50000000,50000000,100%,-,VERY LOW,VERY LOW,-,VERY LOW,N/A,N/A,N/A,N/A,N/A,N/A,-,-,-,N/A,2018-11-10
Quickly-Cheaply,GQC,N/A,N/A,N/A,N/A,N/A,N/A,N/A,N/A,N/A,-,-,-,-,-,N/A,N/A,N/A,N/A,N/A,N/A,N/A,N/A,-,N/A,2018-05-25
Olam,OLM,Ethereum,ERC20,Switzerland,40000000 USD,5000000 USD,N/A,N/A,N/A,N/A,-,-,-,-,LOW,7,Benchy,5.0,1,5.0,5.0,3.6,5.4,-,3.6,Jun, 2018
Aurum.services,AURUM,N/A,N/A,N/A,N/A,N/A,N/A,142800000,5355000000,N/A,-,VERY LOW,VERY LOW,-,VERY LOW,N/A,N/A,N/A,N/A,N/A,N/A,3.5,5.5,-,N/A,2018-12-31
PacketMining,PAKT,Ethereum,ERC-20,Cayman Islands,N/A,N/A,N/A,300000000,300000000,N/A,LOW,VERY LOW,VERY LOW,-,-,1,N/A,N/A,1,N/A,N/A,N/A,3.8,-,N/A,2018-06-12
ACLYD,ACLYD,Ethereum,ERC20,Bermuda,10202500 USD,500000 USD,2800000 USD,N/A,N/A,N/A,-,-,-,MEDIUM,VERY LOW,7,Benchy,4.4,10,3.4,4.4,3.8,7.9,-,3.8,2018-09-25
MediChain,MCU,Ethereum,40,000,000 MCU (40%),Hong Kong,40000000 USD,2000000 USD,19703656 USD,N/A,4000000000,N/A,LOW,MEDIUM,MEDIUM,-,LOW,9,Benchy,3.9,10,3.6,3.8,3.7,8.8,4.4,3.7,Apr, 2018
Noah Coin,NOAH,N/A,N/A,N/A,N/A,N/A,N/A,N/A,N/A,N/A,-,-,-,-,-,N/A,Benchy,5.0,N/A,5.0,5.0,-,-,-,3.3,2018-06-01
Libellum,,Ethereum,ERC20,Hong Kong,15000 ETH,3000 ETH,Unknown,N/A,N/A,N/A,-,-,-,VERY LOW,-,6,Benchy,3.0,10,5.0,5.0,3.9,7.9,-,3.9,2018-12-01
FutureWorks (FTW),FTW,N/A,N/A,N/A,N/A,N/A,N/A,100000000,10000000,N/A,-,LOW,LOW,-,-,N/A,N/A,N/A,N/A,N/A,N/A,2.8,7.9,3.3,N/A,2018-02-18
Boon Tech,BOON,N/A,N/A,N/A,N/A,N/A,N/A,N/A,N/A,100%,LOW,HIGH,HIGH,-,LOW,N/A,N/A,N/A,N/A,N/A,N/A,-,-,-,N/A,2018-01-15
eLocations (PreICO),,N/A,N/A,N/A,N/A,N/A,N/A,N/A,N/A,N/A,-,LOW,LOW,-,-,N/A,N/A,N/A,N/A,N/A,N/A,3.8,8.8,-,N/A,2018-09-20
Corld's Cedium,CEU,N/A,N/A,N/A,N/A,N/A,N/A,N/A,N/A,N/A,-,VERY LOW,VERY LOW,-,-,N/A,N/A,N/A,N/A,N/A,N/A,3.7,6.7,-,N/A,Dec, 2018
Coupit,COUP,N/A,N/A,N/A,N/A,N/A,N/A,N/A,N/A,N/A,-,HIGH,HIGH,-,-,N/A,N/A,N/A,N/A,N/A,N/A,-,-,-,N/A,2018-06-26
SLP Network,SLP,N/A,N/A,N/A,N/A,N/A,N/A,N/A,1500000000,N/A,LOW,LOW,LOW,-,-,N/A,N/A,N/A,N/A,N/A,N/A,3.3,7.9,-,N/A,2018-06-16
LeadCoin ICO,LDC,N/A,N/A,N/A,N/A,N/A,N/A,N/A,5000000000,100%,HIGH,LOW,LOW,-,LOW,N/A,N/A,N/A,N/A,N/A,N/A,-,-,-,N/A,2018-03-01
Block-chain,ВС,N/A,N/A,N/A,5500000 USD,100000 USD,1047028 USD,N/A,100000000,100%,-,VERY LOW,VERY LOW,LOW,LOW,N/A,Benchy,3.3,N/A,3.3,3.7,-,-,-,3.6,2018-09-07
